SalePrice,OverallQual,GrLivArea,GarageCars,GarageArea,TotalBsmtSF,1stFlrSF,FullBath,TotRmsAbvGrd,YearBuilt,YearRemodAdd,MasVnrArea,DecadeBuilt
208500,7,1710,2,548,856,856,2,8,2003,2003,196.0,2000
181500,6,1262,2,460,1262,1262,2,6,1976,1976,0.0,1970
223500,7,1786,2,608,920,920,2,6,2001,2002,162.0,2000
140000,7,1717,3,642,756,961,1,7,1915,1970,0.0,1910
250000,8,2198,3,836,1145,1145,2,9,2000,2000,350.0,2000
143000,5,1362,2,480,796,796,1,5,1993,1995,0.0,1990
307000,8,1694,2,636,1686,1694,2,7,2004,2005,186.0,2000
200000,7,2090,2,484,1107,1107,2,7,1973,1973,240.0,1970
129900,7,1774,2,468,952,1022,2,8,1931,1950,0.0,1930
118000,5,1077,1,205,991,1077,1,5,1939,1950,0.0,1930
129500,5,1040,1,384,1040,1040,1,5,1965,1965,0.0,1960
345000,9,2324,3,736,1175,1182,3,11,2005,2006,286.0,2000
144000,5,912,1,352,912,912,1,4,1962,1962,0.0,1960
279500,7,1494,3,840,1494,1494,2,7,2006,2007,306.0,2000
157000,6,1253,1,352,1253,1253,1,5,1960,1960,212.0,1960
132000,7,854,2,576,832,854,1,5,1929,2001,0.0,1920
149000,6,1004,2,480,1004,1004,1,5,1970,1970,180.0,1970
90000,4,1296,2,516,0,1296,2,6,1967,1967,0.0,1960
159000,5,1114,2,576,1114,1114,1,6,2004,2004,0.0,2000
139000,5,1339,1,294,1029,1339,1,6,1958,1965,0.0,1950
325300,8,2376,3,853,1158,1158,3,9,2005,2006,380.0,2000
139400,7,1108,1,280,637,1108,1,6,1930,1950,0.0,1930
230000,8,1795,2,534,1777,1795,2,7,2002,2002,281.0,2000
129900,5,1060,2,572,1040,1060,1,6,1976,1976,0.0,1970
154000,5,1060,1,270,1060,1060,1,6,1968,2001,0.0,1960
256300,8,1600,3,890,1566,1600,2,7,2007,2007,640.0,2000
134800,5,900,2,576,900,900,1,5,1951,2000,0.0,1950
306000,8,1704,3,772,1704,1704,2,7,2007,2008,200.0,2000
207500,5,1600,1,319,1484,1600,1,6,1957,1997,0.0,1950
68500,4,520,1,240,520,520,1,4,1927,1950,0.0,1920
40000,4,1317,1,250,649,649,1,6,1920,1950,0.0,1920
149350,5,1228,1,271,1228,1228,1,6,1966,2006,0.0,1960
179900,8,1234,2,484,1234,1234,2,7,2007,2007,0.0,2000
165500,5,1700,2,447,1398,1700,1,6,1959,1959,0.0,1950
277500,9,1561,2,556,1561,1561,2,6,2005,2005,246.0,2000
309000,8,2452,3,691,1117,1132,3,9,2004,2005,132.0,2000
145000,5,1097,2,672,1097,1097,1,6,1994,1995,0.0,1990
153000,5,1297,2,498,1297,1297,1,5,1954,1990,650.0,1950
109000,5,1057,1,246,1057,1057,1,5,1953,2007,0.0,1950
82000,4,1152,0,0,0,1152,2,6,1955,1955,0.0,1950
160000,6,1324,2,440,1088,1324,2,6,1965,1965,101.0,1960
170000,5,1328,1,308,1350,1328,1,5,1959,1959,0.0,1950
144000,5,884,2,504,840,884,1,5,1983,1983,0.0,1980
130250,5,938,1,308,938,938,1,5,1975,1980,0.0,1970
141000,5,1150,1,300,1150,1150,1,6,1959,1959,0.0,1950
319900,9,1752,2,576,1752,1752,2,6,2005,2005,412.0,2000
239686,7,2149,2,670,1434,1518,1,6,2003,2003,0.0,2000
249700,8,1656,3,826,1656,1656,2,7,2006,2006,0.0,2000
113000,4,1452,0,0,736,736,2,8,1920,2008,0.0,1920
127000,5,955,1,386,955,955,1,6,1966,1966,0.0,1960
177000,6,1470,2,388,794,794,2,6,1997,1997,0.0,1990
114500,6,1176,2,528,816,816,1,6,1934,1950,0.0,1930
110000,5,816,2,516,816,816,1,5,1963,1963,0.0,1960
385000,9,1842,3,894,1842,1842,0,5,1981,1987,0.0,1980
130000,5,1360,2,572,384,1360,1,6,1955,1955,0.0,1950
180500,6,1425,2,576,1425,1425,2,7,1964,1964,272.0,1960
172500,8,1739,2,480,970,983,2,7,1999,2000,456.0,1990
196500,7,1720,2,565,860,860,2,7,2004,2004,0.0,2000
438780,10,2945,3,641,1410,1426,3,10,2006,2006,1031.0,2000
124900,5,780,1,352,780,780,1,4,1972,1972,0.0,1970
158000,6,1158,2,576,1158,1158,1,5,2004,2004,0.0,2000
101000,5,1111,1,288,530,581,1,6,1920,1996,0.0,1920
202500,8,1370,2,484,1370,1370,2,6,2006,2006,178.0,2000
140000,7,1710,2,480,576,902,2,9,1921,1950,0.0,1920
219500,7,2034,2,645,1057,1057,2,8,1997,1998,573.0,1990
317000,8,2473,3,852,1143,1143,2,9,2004,2005,344.0,2000
180000,7,2207,2,576,1947,2207,2,7,1970,1989,287.0,1970
226000,7,1479,2,558,1453,1479,2,7,2003,2003,167.0,2000
80000,4,747,1,220,747,747,1,4,1945,1950,0.0,1940
225000,7,2287,2,667,1304,1304,2,7,1953,1953,0.0,1950
244000,7,2223,2,516,2223,2223,2,8,1973,1973,1115.0,1970
129500,4,845,2,360,845,845,1,4,1982,2006,0.0,1980
185000,7,1718,2,427,832,885,2,7,1998,1998,40.0,1990
144900,5,1086,2,490,1086,1086,1,6,1954,2003,104.0,1950
107400,3,1605,1,379,840,840,2,8,1915,1950,0.0,1910
91000,4,988,1,297,462,526,1,5,1973,1973,0.0,1970
135750,4,952,1,283,952,952,1,4,1956,1956,0.0,1950
127000,5,1285,1,240,672,1072,1,6,1948,2001,0.0,1940
136500,4,1768,0,0,1768,1768,2,8,1968,1968,0.0,1960
110000,5,1230,2,440,440,682,1,5,1910,1981,0.0,1910
193500,6,2142,1,509,896,1182,2,8,1968,1968,576.0,1960
153500,6,1337,2,405,1237,1337,2,5,1998,1998,443.0,1990
245000,8,1563,3,758,1563,1563,2,6,2007,2007,468.0,2000
126500,5,1065,2,461,1065,1065,1,6,1960,1960,66.0,1960
168500,7,1474,2,400,384,804,2,7,1995,1996,22.0,1990
260000,8,2417,2,462,1288,1301,2,9,1991,1992,284.0,1990
174000,6,1560,2,400,684,684,2,6,2005,2005,0.0,2000
164500,6,1224,2,528,612,612,2,4,2009,2009,76.0,2000
85000,3,1526,0,0,1013,1013,1,6,1915,1982,0.0,1910
123600,4,990,0,0,990,990,1,5,1994,1995,0.0,1990
109900,4,1040,2,420,0,1040,1,4,1950,1950,0.0,1950
98600,5,1235,2,480,1235,1235,1,6,1961,1961,203.0,1960
163500,5,964,2,432,876,964,1,5,1921,2006,0.0,1920
133900,6,2291,2,506,1214,1260,2,9,1910,1998,0.0,1910
204750,6,1786,2,684,824,905,2,7,1997,1997,0.0,1990
185000,6,1470,2,420,680,680,2,6,1993,1993,68.0,1990
214000,7,1588,2,472,1588,1588,2,6,1999,1999,183.0,1990
94750,4,960,1,432,960,960,1,6,1965,1965,48.0,1960
83000,5,835,1,366,458,835,1,5,1920,1950,0.0,1920
128950,4,1225,0,0,950,1225,1,6,1959,1959,0.0,1950
205000,6,1610,2,480,1610,1610,2,6,1977,2001,28.0,1970
178000,6,1732,2,476,741,977,2,7,1985,1985,336.0,1980
118964,5,1535,2,410,0,1535,2,8,1979,1979,0.0,1970
198900,7,1226,3,740,1226,1226,2,6,2009,2009,0.0,2000
169500,7,1818,1,240,1040,1226,1,7,1931,1950,600.0,1930
250000,8,1992,2,648,1053,1053,2,9,2003,2004,768.0,2000
100000,4,1047,1,273,641,1047,1,6,1885,1995,0.0,1880
115000,5,789,1,250,789,789,1,5,1948,1950,0.0,1940
115000,5,1517,0,0,793,997,2,7,1919,2005,0.0,1910
190000,6,1844,2,546,1844,1844,2,7,1977,1977,480.0,1970
136900,6,1855,1,325,994,1216,2,7,1954,1972,0.0,1950
180000,7,1430,2,400,384,774,2,7,2000,2000,0.0,2000
383970,7,2696,3,792,1264,1282,2,10,2007,2007,220.0,2000
217000,6,2259,2,450,1809,2259,2,7,1953,1953,184.0,1950
259500,6,2320,1,180,1028,1436,2,9,1945,2002,0.0,1940
176000,6,1458,2,440,729,729,2,5,1999,1999,1129.0,1990
139000,5,1092,1,288,1092,1092,1,6,1962,1962,116.0,1960
155000,5,1125,2,430,1125,1125,1,5,2006,2007,0.0,2000
320000,7,3222,3,594,1673,1699,3,11,1990,1990,0.0,1990
163990,6,1456,2,390,728,728,2,8,2005,2006,0.0,2000
180000,6,988,2,540,938,988,1,4,1969,1969,0.0,1960
100000,4,1123,1,264,732,772,1,4,1939,1950,0.0,1930
136000,6,1080,1,288,1080,1080,1,5,1958,1958,135.0,1950
153900,6,1199,2,530,1199,1199,2,5,1993,1993,0.0,1990
181000,6,1586,2,435,1362,1586,2,7,1979,1998,0.0,1970
84500,6,754,0,0,520,520,1,5,1935,1982,0.0,1930
128000,6,958,2,440,1078,958,2,5,1976,1976,0.0,1970
87000,5,840,0,0,672,840,1,5,1930,1950,0.0,1930
155000,6,1348,2,453,660,660,1,6,1966,1966,266.0,1960
150000,5,1053,2,750,1008,1053,1,6,1958,1991,85.0,1950
226000,7,2157,2,487,924,1216,2,8,1966,1966,309.0,1960
244000,6,2054,2,390,992,1022,2,7,2000,2000,40.0,2000
150750,5,1327,2,624,1063,1327,1,7,1959,2002,0.0,1950
220000,8,1296,2,471,1267,1296,2,6,2001,2002,136.0,2000
180000,5,1721,2,440,1461,1721,2,7,1968,1993,0.0,1960
174000,7,1682,2,530,1304,1682,2,7,1970,1970,288.0,1970
143000,5,1214,1,318,1214,1214,2,5,1967,1967,196.0,1960
171000,7,1959,3,766,1907,1959,3,9,1988,1989,70.0,1980
230000,8,1852,3,660,1004,1004,2,7,1999,2000,320.0,1990
231500,6,1764,2,470,928,928,2,7,1997,1997,0.0,1990
115000,4,864,0,0,864,864,1,5,1971,1971,0.0,1970
260000,7,1734,2,660,1734,1734,2,7,2005,2005,0.0,2000
166000,5,1385,2,720,910,910,2,6,1952,1952,0.0,1950
204000,7,1501,2,577,1490,1501,2,6,1999,1999,183.0,1990
125000,5,1728,2,504,1728,1728,2,10,1963,1963,336.0,1960
130000,6,1709,2,380,970,970,2,7,2004,2006,50.0,2000
105000,5,875,1,180,715,875,1,5,1931,1993,0.0,1930
222500,7,2035,2,434,884,884,2,8,2001,2001,180.0,2000
141000,7,1080,0,0,1080,1080,1,6,2004,2005,120.0,2000
115000,5,1344,1,240,896,896,1,7,1936,1950,0.0,1930
122000,5,969,2,440,969,969,1,5,1975,1975,0.0,1970
372402,8,1710,3,866,1710,1710,2,6,2007,2008,436.0,2000
190000,6,1993,2,495,825,1097,2,8,1971,1971,252.0,1970
235000,6,1252,2,564,1602,1252,1,4,1960,1975,0.0,1960
125000,6,1200,1,312,1200,1200,1,7,1923,1950,0.0,1920
79000,6,1096,0,0,572,572,1,5,1924,1950,0.0,1920
109500,5,1040,2,625,0,1040,1,5,1950,1950,0.0,1950
269500,8,1968,3,680,774,774,2,8,2009,2010,84.0,2000
254900,7,1947,2,678,991,991,2,8,2004,2005,0.0,2000
320000,7,2462,2,576,1392,1392,2,9,2005,2006,456.0,2000
162500,6,1232,2,516,1232,1232,2,6,1984,1984,0.0,1980
412500,9,2668,3,726,1572,1572,2,10,2003,2004,664.0,2000
220000,7,1541,2,532,1541,1541,2,7,2005,2005,226.0,2000
103200,4,882,0,0,882,882,1,4,1956,1956,0.0,1950
152000,6,1616,1,216,1149,1149,2,5,1926,2004,0.0,1920
127500,5,1355,0,0,644,808,2,6,1940,1999,0.0,1940
190000,5,1867,1,303,1617,1867,1,7,1955,1993,0.0,1950
325624,8,2161,3,789,1582,1610,1,8,2007,2007,300.0,2000
183500,7,1720,2,440,840,840,2,7,2004,2004,0.0,2000
228000,8,1707,2,511,1686,1707,2,6,1981,1981,653.0,1980
128500,5,1382,2,660,720,854,1,7,1941,1950,0.0,1940
215000,6,1656,2,528,1080,1656,1,7,1960,1960,112.0,1960
239000,7,1767,2,504,1064,1064,2,5,1987,1987,0.0,1980
163000,6,1362,2,504,1362,1362,1,6,1961,1961,491.0,1960
184000,6,1651,2,616,1606,1651,2,7,1986,1986,132.0,1980
243000,6,2158,2,576,1202,2158,2,7,1950,2001,0.0,1950
211000,6,2060,2,521,1151,1164,2,8,1988,1989,268.0,1980
172500,5,1920,2,451,1052,1252,2,8,1958,1958,0.0,1950
501837,9,2234,3,1166,2216,2234,2,9,2008,2009,748.0,2000
100000,5,968,2,480,968,968,1,5,1923,2006,0.0,1920
177000,6,1525,2,440,756,769,2,5,2000,2000,456.0,2000
200100,7,1802,1,216,793,901,1,9,1920,1950,0.0,1920
120000,5,1340,1,252,0,1340,1,7,1957,2006,98.0,1950
200000,7,2082,2,484,1362,1362,2,6,2003,2003,0.0,2000
127000,5,1252,2,576,504,936,1,5,1908,1991,0.0,1900
475000,10,3608,3,840,1107,1518,2,12,1892,1993,0.0,1890
173000,7,1217,2,497,1188,1217,2,6,1990,1991,0.0,1990
135000,5,1656,1,180,660,808,2,8,1916,1987,0.0,1910
153337,5,1224,2,528,1086,1224,0,6,1979,1979,275.0,1970
286000,8,1593,2,682,1593,1593,1,5,2001,2002,0.0,2000
315000,8,2727,2,440,853,1549,2,10,1932,1994,0.0,1930
184000,7,1479,2,484,725,725,1,7,1972,2004,138.0,1970
192000,7,1431,2,666,1431,1431,2,6,1999,1999,0.0,1990
130000,7,1709,2,380,970,970,2,7,2004,2004,50.0,2000
127000,5,864,1,352,864,864,1,5,1972,1972,0.0,1970
148500,6,1456,2,440,855,855,2,7,1976,1976,0.0,1970
311872,7,1726,3,786,1726,1726,2,8,2007,2007,205.0,2000
235000,8,3112,2,795,1360,1360,2,8,1918,1990,0.0,1910
104000,6,2229,0,0,755,929,1,8,1912,1950,0.0,1910
274900,8,1713,3,856,1713,1713,2,7,2004,2005,262.0,2000
140000,4,1121,2,440,1121,1121,2,5,2003,2004,0.0,2000
171500,6,1279,2,473,1196,1279,2,6,1977,1977,0.0,1970
112000,6,1310,1,398,617,865,2,6,1924,1950,0.0,1920
149000,6,848,2,420,848,848,1,3,2004,2004,205.0,2000
110000,5,1284,1,240,720,720,1,5,1947,1950,0.0,1940
180500,7,1442,2,500,1424,1442,2,5,1990,1990,0.0,1990
143900,5,1696,1,349,1140,1696,1,8,1962,1962,0.0,1960
141000,4,1100,1,312,1100,1100,1,6,1960,1960,0.0,1960
277000,7,2062,2,454,1157,1180,2,7,1988,1989,128.0,1980
145000,6,1092,2,504,1092,1092,1,6,1964,1964,260.0,1960
98000,5,864,0,0,864,864,1,5,1925,1950,0.0,1920
186000,6,1212,2,460,1212,1212,2,6,2009,2009,0.0,2000
252678,7,1852,2,644,900,932,2,7,2009,2009,0.0,2000
156000,5,990,2,576,990,990,1,5,1995,1995,0.0,1990
161750,6,1392,1,299,689,689,1,6,1977,1977,153.0,1970
134450,5,1236,1,447,1070,1236,1,6,1957,1996,64.0,1950
210000,7,1436,2,484,1436,1436,2,8,2004,2004,266.0,2000
107000,4,1328,1,210,686,810,1,8,1925,1950,0.0,1920
311500,7,1954,2,431,798,1137,1,8,1939,2006,312.0,1930
167240,7,1248,2,438,1248,1248,2,5,2005,2006,16.0,2000
204900,7,1498,2,675,1498,1498,2,5,2006,2006,0.0,2000
200000,6,2267,2,390,1010,1010,2,8,2002,2002,0.0,2000
179900,6,1552,2,434,713,811,2,6,1975,1975,0.0,1970
97000,4,864,2,576,864,864,1,4,1971,1971,0.0,1970
386250,10,2392,3,968,2392,2392,2,8,2003,2003,922.0,2000
112000,5,1302,1,280,630,630,2,6,1971,1971,142.0,1970
290000,7,2520,3,721,1203,1214,2,9,1995,1995,290.0,1990
106000,6,987,1,280,483,483,1,5,1970,1970,127.0,1970
125000,5,912,1,336,912,912,1,5,1967,1967,0.0,1960
192500,7,1555,2,430,1373,1555,2,7,2005,2006,16.0,2000
148000,6,1194,1,312,1194,1194,1,6,1959,1959,220.0,1950
403000,8,2794,3,810,1462,1490,2,9,1995,1996,506.0,1990
94500,6,987,1,288,483,483,1,5,1972,1972,297.0,1970
128200,5,894,1,308,894,894,1,5,1976,1976,0.0,1970
216500,6,1960,2,440,860,860,2,8,2002,2002,0.0,2000
89500,6,987,1,264,483,483,1,5,1971,1971,604.0,1970
185500,7,1414,2,494,1414,1414,2,6,2004,2004,98.0,2000
194500,7,1744,2,457,996,1014,2,7,1993,2003,0.0,1990
318000,8,1694,3,818,1694,1694,2,7,2007,2007,254.0,2000
113000,6,1487,1,220,735,798,1,7,1945,1950,0.0,1940
262500,8,1566,2,750,1566,1566,2,7,2008,2008,36.0,2000
110500,5,866,0,0,686,866,1,4,1945,1997,0.0,1940
79000,5,1440,1,352,540,889,1,6,1900,1950,0.0,1900
120000,6,1217,1,288,626,626,1,6,1980,1980,0.0,1980
205000,7,2110,2,463,948,1222,2,8,1994,2002,0.0,1990
241500,7,1872,2,604,1845,1872,2,6,1988,1988,102.0,1980
137000,6,1928,1,440,1020,908,2,9,1910,1950,0.0,1910
140000,6,1375,2,451,1367,1375,1,5,1954,1954,0.0,1950
180000,7,1668,2,500,840,840,2,8,2003,2003,101.0,2000
277000,6,2144,2,389,1444,1444,2,7,1958,2006,472.0,1950
76500,3,1306,0,0,728,1306,1,6,1940,1966,0.0,1940
235000,8,1625,2,538,1573,1625,2,5,2006,2007,481.0,2000
173000,6,1640,2,520,798,798,2,6,2004,2004,0.0,2000
158000,6,1302,1,309,1302,1302,2,7,1964,1991,108.0,1960
145000,5,1314,1,294,1314,1314,1,5,1957,1957,0.0,1950
230000,7,2291,2,429,975,1005,2,8,1999,1999,302.0,1990
207500,6,1728,2,673,864,864,2,7,2003,2003,0.0,2000
220000,7,1604,2,660,1604,1604,2,8,2006,2006,180.0,2000
231500,7,1792,2,564,963,963,2,7,2001,2001,172.0,2000
97000,5,882,1,308,0,882,1,4,1956,1956,0.0,1950
176000,6,1382,2,884,1362,1382,1,6,1962,1962,399.0,1960
276000,8,2574,3,868,1482,1482,2,10,2007,2007,270.0,2000
151000,6,1212,2,492,506,1212,1,6,1977,1995,46.0,1970
130000,5,1316,2,484,926,926,1,6,1929,2001,0.0,1920
73000,5,764,2,504,680,764,1,4,1925,2004,0.0,1920
175500,6,1422,2,576,1422,1422,2,7,1981,1981,210.0,1980
185000,6,1511,2,413,802,802,2,8,1997,1997,0.0,1990
179500,5,2192,1,240,720,1052,2,8,1939,1997,0.0,1930
120500,5,778,1,924,740,778,1,4,1940,1955,0.0,1940
148000,6,1113,1,504,1143,1113,1,6,1976,1976,174.0,1970
266000,8,1939,3,1053,1095,1095,2,8,2006,2006,0.0,2000
241500,7,1363,2,439,1385,1363,1,5,1954,2005,0.0,1950
290000,8,2270,3,671,1152,1164,2,9,1999,2007,348.0,1990
139000,6,1632,1,338,1240,1632,2,6,1958,1988,183.0,1950
124500,5,816,1,264,816,816,1,5,1982,1982,0.0,1980
205000,7,1548,2,672,952,952,2,5,1925,2007,0.0,1920
201000,7,1560,2,573,1560,1560,2,7,2003,2003,0.0,2000
141000,4,864,2,400,864,864,1,4,1951,1951,0.0,1950
415298,9,2121,3,732,2121,2121,2,8,2006,2007,315.0,2000
192000,7,2022,2,505,1160,1156,2,8,1977,1977,299.0,1970
228500,7,1982,2,575,807,1175,2,7,1989,1989,340.0,1980
185000,6,1262,2,572,1262,1262,2,5,2006,2006,68.0,2000
207500,7,1314,2,626,1314,1314,2,6,2007,2008,166.0,2000
244600,8,1468,3,898,1468,1468,2,6,2008,2009,72.0,2000
179200,6,1575,2,529,1575,1575,2,5,1992,1992,0.0,1990
164700,7,1250,2,528,625,625,2,5,2006,2007,0.0,2000
159000,6,1734,2,440,912,1085,1,7,1962,1981,0.0,1960
88000,4,858,0,0,858,858,1,5,1971,1971,0.0,1970
122000,5,900,1,280,882,900,1,5,1967,1967,31.0,1960
153575,6,1396,1,384,698,698,1,7,1915,2003,0.0,1910
233230,8,1919,2,685,1079,1079,2,8,2006,2006,0.0,2000
135900,5,1716,0,0,780,936,2,9,1912,2000,0.0,1910
131000,5,1716,1,281,768,1148,1,8,1949,2008,0.0,1940
235000,7,2263,2,539,795,1468,2,9,1977,1994,34.0,1970
167000,6,1644,2,418,1416,1644,1,7,1953,1953,238.0,1950
142500,6,1003,2,588,1003,1003,1,6,1984,1984,0.0,1980
152000,5,1558,1,282,910,910,1,6,1950,1950,0.0,1950
239000,7,1950,2,576,975,975,2,7,1997,1998,1600.0,1990
175000,6,1743,2,539,702,1041,1,7,1968,1968,365.0,1960
158500,6,1152,1,300,1092,1152,1,6,1950,2004,0.0,1950
157000,5,1336,1,375,1165,1336,1,5,1953,1953,56.0,1950
267000,8,2452,2,683,1028,1210,2,9,1998,1999,0.0,1990
205000,7,1541,3,843,1541,1541,2,6,2001,2002,150.0,2000
149900,5,894,2,552,894,894,1,5,1972,1972,0.0,1970
295000,7,3493,3,870,1470,1675,3,10,1880,2002,0.0,1880
305900,8,2000,3,888,2000,2000,2,8,2004,2005,246.0,2000
225000,7,2243,3,746,700,1122,2,8,1990,1991,246.0,1990
89500,6,1406,0,0,319,1035,1,6,1920,1950,0.0,1920
82500,4,861,2,539,861,861,1,4,1940,1950,0.0,1940
360000,9,1944,3,708,1896,1944,2,8,2003,2004,0.0,2000
165600,6,1501,2,420,697,697,2,6,1993,1994,112.0,1990
132000,6,972,1,240,972,972,1,5,1948,2002,0.0,1940
119900,5,1118,2,410,793,793,1,5,1939,1950,0.0,1930
375000,7,2036,2,513,2136,2036,2,8,1965,1965,0.0,1960
178000,7,1641,2,546,728,832,1,6,1925,1990,0.0,1920
188500,7,1432,2,432,716,716,2,6,2004,2005,0.0,2000
260000,7,2353,2,484,845,1153,2,10,1980,1980,278.0,1980
270000,8,1959,3,1025,1088,1088,2,8,2006,2006,0.0,2000
260000,7,2646,3,656,1347,1372,2,9,1993,1993,256.0,1990
187500,7,1472,2,588,1372,1472,2,6,1980,1980,225.0,1980
342643,9,2596,3,840,1249,1249,3,9,2006,2006,370.0,2000
354000,8,2468,3,872,1136,1136,2,10,2004,2004,388.0,2000
301000,7,2730,2,576,1502,1553,2,8,1986,1987,172.0,1980
126175,3,1163,1,220,1162,1163,1,6,1955,2005,0.0,1950
242000,7,2978,2,564,710,1898,2,11,1967,2007,300.0,1960
87000,5,803,2,360,720,803,1,5,1941,1950,0.0,1940
324000,8,1719,2,473,1719,1719,1,6,1993,1993,0.0,1990
145250,6,1383,1,292,1383,1383,1,7,1960,1960,175.0,1960
214500,6,2134,2,441,844,1445,2,10,1916,1994,0.0,1910
78000,5,1192,1,189,596,596,1,6,1920,1950,0.0,1920
119000,5,1728,1,352,1728,1728,2,10,1964,1964,84.0,1960
139000,5,1056,1,308,1056,1056,1,6,1958,1992,0.0,1950
284000,8,1629,3,880,3206,1629,2,7,2003,2004,296.0,2000
207000,7,1358,2,484,1358,1358,2,6,2004,2004,146.0,2000
192000,6,1638,2,472,943,943,2,7,1998,1998,0.0,1990
228950,5,1786,2,529,1499,1619,2,7,1965,1965,0.0,1960
377426,9,1922,3,676,1922,1922,2,8,2005,2006,200.0,2000
214000,7,1536,2,532,1536,1536,2,7,2002,2003,113.0,2000
202500,7,1621,2,440,1208,1621,2,8,1984,1998,0.0,1980
155000,6,1215,1,297,1215,1215,1,6,1958,1998,176.0,1950
202900,8,1908,2,431,967,993,2,9,2002,2002,0.0,2000
82000,4,841,1,294,721,841,1,4,1950,1950,0.0,1950
87500,3,1040,2,400,0,1040,2,6,1949,1950,340.0,1940
266000,9,1684,2,564,1684,1684,2,6,2005,2005,616.0,2000
85000,5,1112,1,336,536,536,1,4,1976,1976,0.0,1970
140200,6,1577,1,312,972,972,1,6,1939,1950,0.0,1930
151500,6,958,1,301,958,958,1,5,1960,1998,0.0,1960
157500,6,1478,2,498,1478,1478,2,6,1960,1960,30.0,1960
154000,7,1626,2,474,764,764,2,6,2003,2004,106.0,2000
437154,9,2728,3,706,1848,1848,2,10,2005,2006,870.0,2000
318061,9,1869,2,617,1869,1869,2,6,2007,2007,362.0,2000
190000,7,1453,2,445,1453,1453,1,6,1986,1986,0.0,1980
95000,5,1111,1,200,616,616,1,5,1941,1950,0.0,1940
105900,6,720,2,484,624,720,1,5,1928,2003,0.0,1920
140000,6,1595,1,240,940,1192,1,6,1940,2000,0.0,1940
177500,6,1200,2,521,1200,1200,2,6,1995,1995,0.0,1990
173000,6,1167,2,400,1158,1167,2,6,1992,1992,106.0,1990
134000,5,1142,2,528,1142,1142,1,6,1976,1976,0.0,1970
130000,5,1352,1,288,1062,1352,1,6,1958,1958,120.0,1950
280000,8,1924,2,592,1086,1086,2,7,1998,1998,530.0,1990
156000,6,912,2,470,888,912,1,5,1978,1978,0.0,1970
145000,5,1505,1,240,883,988,1,8,1940,1982,0.0,1940
198500,7,1922,2,672,0,495,3,7,2003,2003,500.0,2000
118000,6,987,1,264,483,483,1,5,1972,2007,510.0,1970
190000,6,1574,2,566,796,790,2,6,1976,1976,120.0,1970
147000,5,1344,1,468,672,672,1,6,1920,1997,0.0,1920
159000,6,1394,2,514,1394,1394,1,6,1963,1963,247.0,1960
165000,6,1431,1,296,1099,1431,1,6,1962,1962,305.0,1960
132000,5,1268,1,244,1268,1268,1,7,1954,1954,200.0,1950
162000,5,1287,2,576,1063,1287,1,7,1959,2006,0.0,1950
172400,6,1664,2,460,953,953,2,7,2000,2000,0.0,2000
134432,4,1588,2,680,0,1120,2,7,1959,1959,0.0,1950
125000,6,752,1,264,744,752,1,4,1984,1984,0.0,1980
123000,5,1319,1,270,608,1319,1,5,1953,1953,0.0,1950
219500,7,1928,2,434,847,847,2,8,2003,2004,0.0,2000
61000,1,904,0,0,683,904,0,4,1922,1950,0.0,1920
148000,5,914,2,576,870,914,1,5,1996,1996,0.0,1990
340000,8,2466,2,610,1580,1580,3,8,2004,2005,0.0,2000
394432,9,1856,3,834,1856,1856,1,8,2010,2010,350.0,2010
179000,6,1800,2,463,982,1007,2,7,2000,2000,16.0,2000
127000,5,1691,1,308,1026,1026,2,6,1924,1950,0.0,1920
187750,7,1301,2,572,1293,1301,2,5,2006,2006,0.0,2000
213500,7,1797,2,639,939,939,2,8,2006,2006,0.0,2000
76000,6,784,2,360,784,784,1,5,1928,1950,0.0,1920
240000,6,1953,2,501,1580,1079,2,9,1992,1992,0.0,1990
192000,8,1269,2,430,1256,1269,2,6,2004,2005,16.0,2000
81000,5,1184,0,0,658,658,1,8,1910,1996,0.0,1910
125000,6,1125,1,352,1041,1125,1,6,1976,1976,255.0,1970
191000,7,1479,2,577,1468,1479,2,6,1999,2000,125.0,1990
426000,10,2332,3,846,1682,1742,2,9,2007,2008,272.0,2000
119000,5,1367,1,384,861,961,1,7,1900,1950,0.0,1900
215000,6,1961,2,560,804,804,2,7,2001,2002,0.0,2000
106500,5,882,1,294,0,882,1,5,1959,1959,0.0,1950
100000,4,788,0,0,788,788,1,4,1941,1950,0.0,1940
109000,5,1034,1,240,735,735,1,5,1940,1950,0.0,1940
129000,5,1144,1,596,1144,1144,1,6,1956,1956,0.0,1950
123000,5,894,2,600,894,894,1,6,1972,1972,0.0,1970
169500,5,1812,1,264,864,876,2,8,1962,1962,288.0,1960
67000,5,1077,1,338,961,1077,1,6,1920,1950,0.0,1920
241000,7,1550,2,438,1092,1112,2,7,2006,2007,100.0,2000
245500,8,1288,2,500,1260,1288,1,4,1996,1996,0.0,1990
164990,7,1310,2,400,1310,1310,2,6,2005,2005,0.0,2000
108000,5,672,1,240,672,672,1,4,1940,1997,0.0,1940
258000,8,2263,2,420,1141,1165,2,10,1998,1998,650.0,1990
168000,6,1572,2,373,806,806,2,7,1995,1996,0.0,1990
150000,4,1620,2,490,1281,1620,2,8,1976,1993,0.0,1970
115000,6,1639,1,240,1064,1166,1,6,1936,1950,0.0,1930
177000,6,1680,1,308,840,840,2,8,1915,1976,0.0,1910
280000,7,2172,3,947,1063,1071,2,9,2006,2006,350.0,2000
339750,8,2078,3,836,1034,1050,2,8,2007,2008,100.0,2000
60000,5,1276,1,350,1276,1276,1,5,1958,1958,0.0,1950
145000,5,1056,2,572,1056,1056,1,5,1955,1955,0.0,1950
222000,7,1478,2,484,1470,1478,2,7,2009,2009,432.0,2000
115000,5,1028,2,360,1008,1028,1,5,1927,1950,0.0,1920
228000,7,2097,3,678,1080,1080,2,9,1993,1993,0.0,1990
181134,7,1340,2,396,1340,1340,2,6,2007,2007,0.0,2000
149500,6,1400,2,440,672,672,1,6,1978,1978,203.0,1970
239000,6,2624,3,864,1370,1370,2,10,1918,1950,0.0,1910
126000,5,1134,1,240,756,756,1,7,1940,1950,0.0,1940
142000,5,1056,1,304,1056,1056,1,6,1968,1968,0.0,1960
206300,7,1344,4,784,1344,1344,2,8,1997,1998,200.0,1990
215000,6,1602,2,529,1602,1602,2,8,1977,2000,126.0,1970
113000,5,988,2,520,988,988,1,4,1954,1954,0.0,1950
315000,8,2630,3,696,1470,1470,2,8,1998,1998,473.0,1990
139000,6,1196,1,297,1196,1196,1,6,1956,1956,74.0,1950
135000,7,1389,1,240,651,707,1,6,1946,1992,0.0,1940
275000,7,1644,2,569,1518,1644,2,5,1989,1989,145.0,1980
109008,4,907,1,352,907,907,1,5,1957,1957,0.0,1950
195400,7,1208,2,628,1208,1208,2,6,2007,2007,108.0,2000
175000,6,1412,2,576,1392,1412,2,6,1988,1988,0.0,1980
85400,6,987,1,264,483,483,1,4,1971,1971,232.0,1970
79900,6,1198,0,0,901,1088,1,7,1920,1998,0.0,1920
122500,5,1365,2,440,765,765,1,6,1971,1971,376.0,1970
181000,6,1604,2,470,926,926,2,7,1997,1998,0.0,1990
81000,4,630,0,0,630,630,1,3,1972,1972,0.0,1970
212000,7,1661,2,550,799,827,2,6,1996,1996,0.0,1990
116000,6,1118,2,440,648,734,1,6,1920,1950,0.0,1920
119000,6,904,1,180,884,904,1,4,1926,2004,0.0,1920
90350,5,694,1,352,440,694,1,4,1913,2002,0.0,1910
110000,6,1196,2,528,684,684,1,7,1920,2000,0.0,1920
555000,10,2402,3,672,3094,2402,2,10,2008,2008,200.0,2000
118000,4,1440,0,0,1440,1440,2,8,1955,1955,270.0,1950
162900,5,1573,2,360,1078,1128,2,8,1930,1992,0.0,1930
172500,7,1258,3,648,1258,1258,2,6,2006,2007,72.0,2000
210000,7,1908,2,493,915,933,2,8,1994,1995,0.0,1990
127500,6,1689,2,480,1436,1689,1,7,1956,1956,0.0,1950
190000,6,1888,2,578,1517,1888,2,6,1966,2002,0.0,1960
199900,7,1886,2,431,930,956,2,10,1998,1999,0.0,1990
119500,6,1376,1,198,780,780,2,7,1937,1950,0.0,1930
120000,3,1183,1,308,649,679,1,6,1948,2002,0.0,1940
110000,6,813,1,270,813,813,1,5,1930,2005,0.0,1930
280000,7,1533,2,576,1533,1533,2,5,1975,1975,0.0,1970
204000,6,1756,2,422,872,888,2,7,1996,1997,42.0,1990
210000,8,1590,2,676,768,786,2,6,2008,2008,0.0,2000
188000,5,1728,2,560,1728,1728,2,8,1976,1976,0.0,1970
175500,7,1242,2,528,1242,1242,1,6,1973,1973,320.0,1970
98000,5,1344,3,513,624,624,1,7,1916,1950,0.0,1910
256000,4,1663,2,529,1364,1663,1,6,1954,1994,0.0,1950
161000,8,1666,1,228,588,833,1,7,1925,1996,0.0,1920
110000,5,1203,1,352,709,979,1,5,1950,1950,161.0,1950
263435,8,1935,2,552,832,832,2,8,2009,2009,110.0,2000
155000,7,1135,2,576,560,575,1,6,1936,2007,0.0,1930
62383,5,864,1,360,864,864,1,5,1965,1965,0.0,1960
188700,6,1660,1,240,715,849,1,6,1934,1995,0.0,1930
124000,5,1040,0,0,1040,1040,2,5,1978,1978,136.0,1970
178740,7,1414,2,398,1375,1414,2,6,2004,2004,18.0,2000
167000,7,1277,2,526,1277,1277,1,5,1970,1970,0.0,1970
146500,5,1644,1,312,728,888,1,7,1942,1995,224.0,1940
250000,8,1634,3,866,1626,1634,2,7,2006,2006,248.0,2000
187000,6,1710,2,506,832,832,2,7,1993,1993,120.0,1990
212000,8,1502,2,528,1488,1502,1,4,1985,1985,0.0,1980
190000,7,1969,2,534,808,1161,2,8,1977,1977,0.0,1970
148000,6,1072,2,525,547,1072,1,5,2005,2005,80.0,2000
440000,8,1976,3,908,1976,1976,2,7,2006,2007,304.0,2000
251000,8,1652,2,499,1494,1652,2,6,2000,2000,0.0,2000
132500,5,970,2,624,970,970,1,5,1963,1963,0.0,1960
208900,6,1493,2,508,1478,1493,2,7,1997,1998,215.0,1990
380000,9,2643,3,694,2153,2069,2,9,2006,2006,772.0,2000
297000,8,1718,3,826,1705,1718,2,7,2007,2008,336.0,2000
89471,4,1131,2,672,907,1131,1,7,1937,2000,435.0,1930
326000,9,1850,3,772,1833,1850,2,8,2004,2005,378.0,2000
374000,9,1792,3,874,1792,1792,2,6,2003,2004,562.0,2000
155000,7,1826,1,164,910,916,1,7,1915,2005,0.0,1910
164000,6,1216,2,402,1216,1216,2,5,1998,1998,116.0,1990
132500,5,999,1,264,999,999,1,6,1962,2001,0.0,1960
147000,5,1113,1,264,1113,1113,1,5,1950,2007,0.0,1950
156000,5,1073,2,515,1073,1073,1,6,1965,1965,168.0,1960
175000,5,1484,2,487,1484,1484,2,7,1971,1971,0.0,1970
160000,5,2414,2,520,954,1766,2,10,1900,1970,0.0,1900
86000,4,630,1,286,630,630,1,3,1970,2002,0.0,1970
115000,5,1304,1,336,264,616,1,4,1976,1976,0.0,1970
133000,6,1578,1,240,806,958,1,5,1941,1950,0.0,1940
172785,6,1456,2,429,728,728,2,8,2006,2006,0.0,2000
155000,5,1269,1,308,1269,1269,1,6,1960,1960,0.0,1960
91300,5,886,1,273,190,886,1,4,1938,1996,0.0,1930
34900,4,720,0,0,720,720,1,4,1920,1950,0.0,1920
430000,8,3228,2,546,3200,3228,3,10,1992,1993,0.0,1990
184000,7,1820,1,240,1026,1133,2,8,1925,1950,0.0,1920
130000,5,899,1,288,864,899,1,5,1967,2004,89.0,1960
120000,5,912,1,297,912,912,1,5,1958,1985,0.0,1950
113000,6,1218,1,264,672,672,1,7,1973,1973,285.0,1970
226700,7,1768,2,603,866,866,2,7,2005,2005,0.0,2000
140000,5,1214,2,461,1214,1214,1,6,1965,1965,0.0,1960
289000,7,1801,2,484,1501,1801,2,6,1959,1997,0.0,1950
147000,6,1322,2,440,855,855,2,6,1974,1974,0.0,1970
124500,5,1960,2,400,960,960,2,10,1952,1952,360.0,1950
215000,8,1911,2,471,777,1065,2,8,1993,1994,125.0,1990
208300,6,1218,2,676,1218,1218,2,4,2009,2009,0.0,2000
161000,7,1378,2,360,689,689,2,7,1928,2005,0.0,1920
124500,5,1041,1,270,1041,1041,1,6,1959,1959,132.0,1950
164900,5,1363,1,288,1008,1363,1,6,1951,2000,70.0,1950
202665,7,1368,2,474,1368,1368,2,6,2005,2006,94.0,2000
129900,5,864,2,624,864,864,1,5,1958,1958,0.0,1950
134000,6,1080,2,484,1084,1080,1,5,1983,1983,0.0,1980
96500,5,789,1,200,768,789,1,5,1926,1950,0.0,1920
402861,10,2020,3,900,2006,2020,2,9,2009,2009,305.0,2000
158000,6,2119,2,583,689,1378,2,7,1972,1972,333.0,1970
265000,7,2344,3,889,1264,1277,2,7,1996,1997,921.0,1990
211000,6,1796,2,546,794,882,2,7,1998,1998,0.0,1990
234000,7,2080,1,282,1276,1276,1,9,1926,2004,0.0,1920
106250,4,1294,0,0,0,694,2,7,1900,2000,0.0,1900
150000,6,1244,1,336,1244,1244,1,6,1957,1957,0.0,1950
159000,6,1664,2,420,1004,1004,2,7,1947,1950,0.0,1940
184750,10,4676,3,884,3138,3138,3,11,2007,2008,762.0,2000
315750,7,2398,3,834,1379,1383,2,8,1996,1997,594.0,1990
176000,7,1266,2,453,1257,1266,2,6,2005,2005,0.0,2000
132000,5,928,1,252,928,928,1,4,1956,2000,0.0,1950
446261,9,2713,3,858,1452,1476,2,11,2008,2008,268.0,2000
86000,4,605,0,0,528,605,1,5,1920,2002,0.0,1920
200624,6,2515,2,484,2035,2515,3,9,1957,1975,0.0,1950
175000,6,1509,2,600,1461,1509,2,5,1988,1989,219.0,1980
128000,6,1362,2,502,611,751,2,6,1920,1999,0.0,1920
107500,5,827,1,392,0,827,1,5,1955,2007,0.0,1950
39300,1,334,0,0,0,334,1,2,1946,1950,0.0,1940
178000,8,1414,2,403,707,707,2,6,2004,2004,0.0,2000
107500,5,1347,0,0,1117,820,1,5,1910,1991,0.0,1910
188000,7,1724,2,527,880,880,2,8,1998,1999,0.0,1990
111250,4,864,2,576,864,864,1,5,1972,1972,0.0,1970
158000,5,1159,1,336,1051,1159,1,7,1968,1968,188.0,1960
272000,8,1601,2,670,1581,1601,2,6,2001,2002,479.0,2000
315000,9,1838,3,765,1838,1838,2,8,2006,2006,584.0,2000
248000,8,2285,3,648,969,997,2,8,2000,2000,72.0,2000
213250,7,1680,2,583,1650,1680,2,7,1998,1999,0.0,1990
133000,7,767,1,367,723,767,1,4,1998,1998,182.0,1990
179665,7,1496,2,426,654,664,2,7,2006,2006,0.0,2000
229000,7,2183,3,786,1204,1377,2,9,1988,1988,178.0,1980
210000,6,1635,2,440,1065,915,1,6,1923,1950,0.0,1920
129500,5,768,2,624,768,768,1,5,1970,1970,0.0,1970
125000,5,825,2,720,825,825,1,4,1955,1995,0.0,1950
263000,7,2094,2,615,912,912,2,8,2003,2004,0.0,2000
140000,6,1069,2,440,1069,1069,2,4,1977,1977,0.0,1970
112500,5,928,1,288,928,928,1,5,1957,1957,0.0,1950
255500,8,1717,3,908,1709,1717,2,7,2006,2006,250.0,2000
108000,4,1126,2,520,0,1126,2,5,1949,2003,0.0,1940
284000,7,2046,3,871,998,1006,2,8,2003,2004,292.0,2000
113000,5,1048,1,280,993,1048,1,5,1922,1950,0.0,1920
141000,5,1092,1,299,1092,1092,1,6,1957,1957,0.0,1950
108000,4,1336,1,570,637,897,1,7,1920,1950,0.0,1920
175000,7,1446,2,406,729,729,2,6,1996,1997,0.0,1990
234000,7,1557,2,420,1374,1557,2,7,2003,2004,18.0,2000
121500,5,1392,2,528,1392,1392,1,5,1957,1996,180.0,1950
170000,5,1389,2,418,1389,1389,1,6,1974,1975,0.0,1970
108000,5,996,0,0,996,996,1,6,1940,1969,0.0,1940
185000,6,1674,2,396,1163,1163,2,8,1918,1950,0.0,1910
268000,7,2295,2,590,1095,1166,2,9,1992,2000,0.0,1990
128000,6,1647,1,216,806,841,1,6,1915,1950,0.0,1910
325000,9,2504,3,656,1122,1134,2,11,2005,2007,245.0,2000
214000,7,1535,2,532,1517,1535,2,7,2004,2004,168.0,2000
316600,8,2132,2,612,1496,1496,1,5,1983,2009,0.0,1980
135960,5,943,2,600,943,943,1,4,1979,1979,0.0,1970
142600,5,1728,2,576,1728,1728,2,10,1965,1965,108.0,1960
120000,6,864,1,288,864,864,1,4,1959,1959,207.0,1950
224500,7,1692,2,650,846,846,2,6,2009,2009,0.0,2000
170000,7,1430,2,400,384,774,2,8,2000,2000,0.0,2000
139000,5,1109,1,288,372,576,1,5,1971,2005,82.0,1970
118500,5,1216,1,336,832,832,1,6,1947,1950,0.0,1940
145000,7,1477,1,216,861,877,2,6,1928,1950,0.0,1920
164500,5,1320,2,564,1164,1320,1,6,1966,1966,97.0,1960
146000,7,1392,2,540,689,703,2,5,2007,2007,0.0,2000
131500,5,1795,1,352,1050,1050,2,7,1954,1954,335.0,1950
181900,6,1429,2,572,1144,1429,1,7,1960,1987,85.0,1960
253293,8,2042,3,1390,2042,2042,2,8,2008,2009,306.0,2000
118500,6,816,0,0,816,816,1,5,1990,1990,104.0,1990
325000,10,2775,2,880,1237,1521,3,9,1893,2000,0.0,1890
133000,4,1573,1,240,884,989,1,6,1935,1995,0.0,1930
369900,8,2028,3,880,1868,2028,2,7,2005,2006,208.0,2000
130000,6,838,1,275,816,838,1,5,1918,2000,0.0,1910
137000,5,860,2,528,840,860,1,4,1982,1982,0.0,1980
143000,5,1473,1,452,1437,1473,1,5,1968,2003,0.0,1960
79500,5,935,1,308,742,779,1,4,1930,1960,0.0,1930
185900,7,1582,2,520,770,770,2,6,2004,2004,0.0,2000
451950,10,2296,3,842,1722,1728,2,10,2008,2008,420.0,2000
138000,5,816,2,816,816,816,1,4,1982,2003,0.0,1980
140000,6,848,2,420,848,848,1,4,2003,2003,170.0,2000
110000,5,924,1,280,924,924,1,5,1975,1975,0.0,1970
319000,8,1826,3,758,1814,1826,2,7,2005,2006,238.0,2000
114504,6,1368,1,216,684,684,1,7,1910,1993,0.0,1910
194201,7,1402,3,648,1258,1402,0,7,2006,2007,72.0,2000
217500,5,1647,2,621,1430,1647,2,7,1977,1977,459.0,1970
151000,6,1556,2,452,716,716,2,6,1980,1980,0.0,1980
275000,8,1904,2,736,1058,1058,2,8,2005,2005,280.0,2000
141000,6,1375,1,544,780,780,1,6,1937,1950,0.0,1930
220000,8,1915,2,506,908,927,2,8,1992,1992,0.0,1990
151000,7,1200,2,480,600,600,2,4,2004,2005,0.0,2000
221000,7,1494,2,530,1494,1494,2,6,2002,2002,99.0,2000
205000,7,1986,2,486,768,1186,2,7,1965,1990,176.0,1960
152000,5,1040,2,576,1040,1040,1,6,1996,1996,0.0,1990
225000,5,2008,1,230,896,1112,3,8,1948,2002,0.0,1940
359100,8,3194,2,380,965,1940,2,10,1934,1998,0.0,1930
118500,4,1029,1,261,1029,1029,1,5,1961,1961,192.0,1960
313000,9,2153,3,736,1440,1476,2,8,2000,2000,204.0,2000
148000,6,1032,2,564,1032,1032,2,6,1978,1978,233.0,1970
261500,8,1872,2,531,1299,1299,2,7,2001,2001,108.0,2000
147000,5,1120,0,0,1120,1120,1,6,2007,2007,0.0,2000
75500,4,630,0,0,630,630,1,3,1972,1972,0.0,1970
137500,6,1054,2,480,936,1054,1,6,1963,1963,156.0,1960
183200,6,1509,2,393,783,807,2,7,2002,2003,0.0,2000
105500,6,832,2,528,832,832,1,4,1954,1954,0.0,1950
314813,9,1828,3,774,1822,1828,2,9,2007,2007,452.0,2000
305000,8,2262,3,749,1482,1482,2,10,2003,2003,226.0,2000
67000,3,864,0,0,864,864,1,5,1914,1950,0.0,1910
240000,6,2614,2,624,1522,1548,2,9,1974,1997,0.0,1970
135000,5,980,2,484,980,980,1,6,1977,1977,153.0,1970
168500,6,1512,2,440,756,756,2,4,2000,2000,513.0,2000
165150,6,1790,2,484,732,1012,1,8,1972,1972,288.0,1970
160000,6,1116,2,440,1116,1116,1,5,1962,1962,261.0,1960
139900,5,1422,1,286,978,1422,1,6,1960,1978,0.0,1960
153000,6,1520,1,364,1156,1520,1,7,1955,1972,164.0,1950
135000,5,2080,2,504,1040,1040,1,9,1969,1969,192.0,1960
168500,6,1350,2,520,1248,1350,1,6,1964,1964,259.0,1960
124000,5,1750,1,240,636,1089,1,8,1880,1991,0.0,1880
209500,8,1554,2,627,1554,1554,2,6,2006,2006,108.0,2000
82500,7,1411,2,544,1386,1411,2,6,1977,1977,209.0,1970
139400,5,1056,1,260,1056,1056,1,6,1954,2005,0.0,1950
144000,6,1056,2,576,1056,1056,0,4,1980,1980,0.0,1980
200000,6,3395,0,0,1440,1440,2,14,1914,1995,0.0,1910
60000,2,800,0,0,264,800,1,4,1936,1950,0.0,1930
93000,5,1387,1,256,811,811,2,7,1954,1954,0.0,1950
85000,5,796,0,0,796,796,1,4,1910,1950,0.0,1910
264561,8,1567,3,648,1520,1567,2,7,2006,2006,0.0,2000
274000,8,1518,2,588,1518,1518,1,6,2003,2004,472.0,2000
226000,7,1929,2,650,1057,1057,2,7,2001,2001,0.0,2000
345000,8,2704,2,538,1952,2000,2,9,1972,1995,0.0,1970
152000,5,1620,2,462,780,780,2,7,1969,1969,263.0,1960
370878,9,1766,3,478,1766,1766,2,7,2009,2009,162.0,2000
143250,6,981,2,576,981,981,1,5,1971,1971,0.0,1970
98300,5,1048,2,420,0,1048,1,7,1950,1950,0.0,1950
155000,6,1094,2,495,1094,1094,1,5,1953,1953,216.0,1950
155000,6,1839,2,442,756,1051,1,7,1966,1966,351.0,1960
84500,4,630,0,0,630,630,1,3,1970,1970,0.0,1970
205950,7,1665,2,562,813,822,2,7,2007,2007,0.0,2000
108000,4,1510,1,296,755,755,1,7,1940,1950,0.0,1940
191000,7,1716,2,512,880,909,2,7,1996,1996,0.0,1990
135000,6,1469,1,216,756,756,1,7,1906,1995,0.0,1900
350000,8,2113,3,839,2109,2113,2,7,1995,1995,660.0,1990
88000,6,1092,1,264,525,525,1,6,1971,1971,381.0,1970
145500,5,1053,1,312,1053,1053,1,5,1959,2006,54.0,1950
149000,7,1502,1,270,776,851,1,6,1931,2000,0.0,1930
97500,6,1458,1,330,912,912,1,6,1948,1950,0.0,1940
167000,5,1486,2,480,1486,1486,1,7,1964,1999,0.0,1960
197900,7,1935,2,550,793,1142,2,7,1976,1976,233.0,1970
402000,8,2448,3,711,1629,1686,2,8,1994,2005,528.0,1990
110000,6,1392,2,576,1392,1392,1,5,1968,1968,216.0,1960
137500,4,1181,2,588,1138,1181,2,6,1972,1972,0.0,1970
423000,8,2097,3,1134,2077,2097,1,8,2005,2006,0.0,2000
230500,8,1936,2,504,1406,1454,2,7,2000,2000,40.0,2000
129000,6,2380,2,596,1021,1465,2,7,1965,1979,113.0,1960
193500,6,1679,2,575,1408,1679,2,7,1994,1998,258.0,1990
168000,5,1437,2,576,1188,1437,1,6,1956,1987,0.0,1950
137500,4,1180,1,252,700,1180,1,5,1922,1950,0.0,1920
173500,6,1476,2,540,738,738,2,7,2005,2005,0.0,2000
103600,6,1369,1,300,672,697,2,6,1925,1950,0.0,1920
165000,6,1208,2,546,1208,1208,1,6,1977,1977,0.0,1970
257500,6,1839,2,416,1477,1839,2,7,1957,2004,106.0,1950
140000,6,1136,1,384,1136,1136,1,5,1965,1965,0.0,1960
148500,6,1441,2,440,855,855,2,7,1978,1978,0.0,1970
87000,4,1774,3,779,1095,1095,2,8,1900,1950,0.0,1900
109500,5,792,1,240,768,792,1,5,1924,2006,0.0,1920
372500,8,2046,3,834,2046,2046,2,7,2008,2008,464.0,2000
128500,5,988,2,572,988,988,1,5,1961,1961,57.0,1960
143000,6,923,1,264,923,923,2,5,1980,1980,0.0,1980
159434,5,1520,1,281,793,848,1,6,1932,2000,0.0,1930
173000,6,1291,2,431,1291,1291,1,6,1996,1997,0.0,1990
285000,9,1668,3,702,1626,1668,2,7,2002,2002,215.0,2000
221000,7,1839,2,486,1195,1195,2,7,1998,1998,30.0,1990
207500,7,2090,2,577,1190,1190,2,6,1984,1984,0.0,1980
227875,7,1761,2,578,874,874,3,7,2007,2007,0.0,2000
148800,7,1102,2,480,551,551,2,4,2004,2004,0.0,2000
392000,8,1419,2,567,1419,1419,2,7,2007,2007,0.0,2000
194700,6,1362,2,460,1362,1362,2,6,2005,2006,256.0,2000
141000,6,848,2,420,848,848,1,3,2004,2004,147.0,2000
755000,10,4316,3,832,2444,2444,3,10,1994,1995,1170.0,1990
335000,7,2519,2,628,1210,1238,2,9,1989,1990,293.0,1980
108480,5,1073,1,326,1073,1073,1,4,1921,1968,0.0,1920
141500,5,1539,2,576,927,1067,1,5,1936,1950,0.0,1930
176000,6,1137,2,551,1112,1137,2,5,1987,1987,72.0,1980
89000,5,616,1,205,616,616,1,4,1921,1950,0.0,1920
123500,5,1148,1,308,980,1148,1,6,1952,1952,0.0,1950
138500,5,894,1,336,894,894,1,5,1965,2009,0.0,1960
196000,7,1391,2,530,1391,1391,2,5,2004,2004,0.0,2000
312500,8,1800,3,765,1800,1800,2,7,2002,2002,630.0,2000
140000,7,1164,2,528,1164,1164,1,6,1969,1969,168.0,1960
361919,8,2576,3,666,1234,1264,2,10,2006,2006,466.0,2000
140000,5,1812,2,672,360,1032,2,8,1900,1996,0.0,1900
213000,7,1484,2,606,1473,1484,2,7,2004,2005,109.0,2000
55000,4,1092,0,0,0,372,2,7,1930,1950,0.0,1930
302000,7,1824,2,739,1643,1824,2,5,1971,2002,351.0,1970
254000,8,1324,2,550,1324,1324,2,6,2006,2006,176.0,2000
179540,7,1456,2,400,728,728,2,8,2007,2007,0.0,2000
109900,5,904,1,408,876,904,1,6,1966,1966,41.0,1960
52000,3,729,0,0,270,729,1,5,1935,2003,0.0,1930
102776,4,1178,1,384,859,859,1,7,1900,1950,0.0,1900
189000,8,1228,2,472,1228,1228,2,5,1988,1989,0.0,1980
129000,4,960,2,576,960,960,1,6,1970,1970,160.0,1970
130500,6,1479,2,475,725,725,2,6,1976,2005,289.0,1970
165000,6,1350,2,478,1064,1350,2,7,1974,1974,174.0,1970
159500,7,2554,2,704,718,1576,1,8,1890,1998,0.0,1890
157000,5,1178,2,439,1176,1178,1,5,1973,2000,0.0,1970
341000,7,2418,3,983,1311,1325,2,9,1993,1994,651.0,1990
128500,5,971,1,300,971,971,1,5,1969,1969,0.0,1960
275000,8,1742,2,564,1742,1742,2,5,1985,1985,0.0,1980
143000,6,848,2,420,848,848,1,3,2004,2004,169.0,2000
124500,4,864,2,463,864,864,1,5,1970,1970,0.0,1970
135000,4,1470,1,548,941,997,2,7,1954,1972,0.0,1950
320000,9,1698,3,768,1698,1698,2,8,2007,2008,340.0,2000
120500,4,864,2,660,864,864,1,5,1970,1970,0.0,1970
222000,6,1680,2,540,880,1680,2,5,1988,2007,260.0,1980
194500,7,1232,2,632,1232,1232,2,6,2007,2007,82.0,2000
110000,5,1776,3,888,1584,1776,2,9,1958,1958,95.0,1950
103000,4,1208,2,539,780,848,1,5,1925,1950,0.0,1920
236500,8,1616,2,608,1595,1616,2,5,1995,1996,0.0,1990
187500,7,1146,2,438,868,1146,2,6,2003,2003,442.0,2000
222500,7,2031,2,541,1153,1153,2,8,1998,1999,202.0,1990
131400,5,1144,1,264,864,1144,1,6,1961,1983,0.0,1960
108000,5,948,1,300,948,948,1,6,1968,1968,0.0,1960
163000,7,1768,2,320,880,880,1,6,1914,1970,0.0,1910
93500,3,1040,2,400,0,1040,2,6,1950,1950,0.0,1950
239900,8,1801,3,800,893,901,2,8,2005,2005,0.0,2000
179000,5,1200,0,0,1200,1200,3,5,1987,1988,0.0,1980
190000,7,1728,2,572,864,864,2,7,2004,2004,0.0,2000
132000,5,1432,2,360,264,768,2,7,1910,2002,0.0,1910
142000,6,912,1,288,912,912,1,5,1961,1996,0.0,1960
179000,7,1349,2,539,1349,1349,2,6,2000,2001,108.0,2000
175000,5,1464,2,480,520,1464,2,6,1963,1999,0.0,1960
180000,8,1337,2,462,1337,1337,2,5,1993,1993,0.0,1990
299800,8,2715,2,831,1142,1175,3,11,1976,1996,289.0,1970
236000,7,2256,2,554,952,980,2,8,2000,2000,0.0,2000
265979,7,2640,4,864,1240,1320,1,8,1880,2003,0.0,1880
260400,7,1720,2,527,1720,1720,2,7,1996,1996,338.0,1990
98000,4,1529,1,240,0,1088,2,9,1945,1950,0.0,1940
96500,4,1140,0,0,576,792,1,7,1910,2004,0.0,1910
162000,7,1320,2,400,660,660,2,6,2003,2003,0.0,2000
217000,6,1494,2,576,1479,1494,2,6,1997,1997,0.0,1990
275500,8,2098,3,878,1030,1038,2,8,2005,2005,178.0,2000
156000,6,1026,2,440,1026,1026,1,5,1969,2005,0.0,1960
172500,6,1471,2,440,729,742,2,6,1999,1999,894.0,1990
212000,8,1768,2,578,866,866,2,7,2007,2007,0.0,2000
158900,6,1386,2,440,672,672,2,6,1978,1978,328.0,1970
179400,7,1501,2,440,744,757,2,6,1999,1999,360.0,1990
290000,8,2531,3,752,1318,1328,2,9,1995,1995,513.0,1990
127500,6,864,1,300,864,864,1,5,1959,1959,0.0,1950
100000,5,1301,2,440,1145,1301,1,5,1924,1950,0.0,1920
215200,7,1547,2,614,756,764,2,7,2009,2009,0.0,2000
337000,8,2365,3,856,1252,1268,2,8,1999,1999,673.0,1990
270000,8,1494,2,481,1494,1494,1,6,1995,1996,0.0,1990
264132,9,1506,2,592,1498,1506,2,6,2008,2008,284.0,2000
196500,7,1714,2,496,980,980,2,7,1988,1988,42.0,1980
160000,6,1750,1,423,983,983,2,7,1940,1985,0.0,1940
216837,7,1836,2,484,1860,1836,2,8,2004,2005,0.0,2000
538000,8,3279,3,841,1650,1690,3,12,2003,2003,603.0,2000
134900,5,858,2,576,858,858,1,5,1982,1982,0.0,1980
102000,4,1220,2,396,836,1220,1,6,1951,1951,0.0,1950
107000,6,1117,2,672,1029,1117,1,6,1976,1976,0.0,1970
114500,5,912,1,275,912,912,1,5,1958,1958,1.0,1950
395000,8,1973,3,895,1935,1973,2,9,2006,2006,375.0,2000
162000,6,1204,2,412,1204,1204,2,5,1998,1998,320.0,1990
221500,7,1614,3,865,1614,1614,2,7,2005,2006,240.0,2000
142500,5,894,2,440,864,894,1,5,1974,1974,0.0,1970
144000,5,2020,2,630,0,2020,2,10,1977,1977,320.0,1970
135000,6,1004,2,504,975,1004,1,4,1977,1977,90.0,1970
176000,7,1253,2,402,1237,1253,2,6,1995,1996,38.0,1990
175900,6,1603,2,484,761,810,2,7,1992,1992,0.0,1990
187100,7,1430,2,605,1413,1430,2,6,2001,2002,0.0,2000
165500,5,1110,2,602,1097,1110,1,4,1978,1978,104.0,1970
128000,6,1484,0,0,742,742,2,9,1914,2001,0.0,1910
161500,6,1342,2,457,1372,1342,2,7,1967,1967,0.0,1960
139000,5,1652,1,416,686,966,2,7,1915,1950,0.0,1910
233000,7,2084,2,618,956,956,2,8,2004,2004,0.0,2000
107900,4,901,1,281,901,901,1,4,1954,2000,0.0,1950
187500,6,2087,2,444,832,976,2,9,1966,2007,157.0,1960
160200,7,1145,2,397,1145,1145,2,5,2005,2006,11.0,2000
146800,6,1062,2,539,1029,1062,1,5,1976,1976,0.0,1970
269790,7,2013,2,455,1117,1127,2,8,1996,1997,0.0,1990
225000,8,1496,2,474,1496,1496,2,7,2007,2007,140.0,2000
194500,7,1895,2,409,712,1086,2,7,1994,1996,0.0,1990
171000,6,1564,2,476,650,888,2,7,1980,1981,130.0,1980
143500,6,1285,2,528,660,1285,1,7,1977,1977,148.0,1970
110000,5,773,1,240,773,773,1,4,1953,1953,0.0,1950
485000,9,3140,3,820,1926,1966,3,11,2008,2009,860.0,2000
175000,5,1768,1,240,731,981,1,7,1937,1950,252.0,1930
200000,6,1688,2,603,616,616,2,8,1997,1997,0.0,1990
109900,4,1196,2,440,1196,1196,1,5,1916,1990,0.0,1910
189000,7,1456,2,410,728,728,2,7,2005,2005,0.0,2000
582933,9,2822,3,1020,1734,1734,3,12,2008,2009,424.0,2000
118000,5,1128,1,286,936,1128,1,5,1954,1954,0.0,1950
227680,7,1428,2,554,1417,1428,2,6,2008,2008,256.0,2000
135500,5,980,1,384,980,980,2,6,1967,1967,0.0,1960
223500,5,1576,2,528,1324,1072,1,6,1923,2004,0.0,1920
159950,5,1086,2,484,1024,1086,1,6,1966,1966,1047.0,1960
106000,5,2138,2,360,849,1075,2,11,1898,1965,0.0,1890
181000,6,1309,2,484,1040,1309,1,5,1974,1999,99.0,1970
144500,6,848,2,420,848,848,1,4,2004,2004,169.0,2000
55993,5,1044,2,504,540,1044,1,4,1952,1952,0.0,1950
157900,6,1442,1,301,1442,1442,1,7,1958,1958,243.0,1950
116000,5,1250,1,280,686,686,1,7,1918,1950,0.0,1910
224900,7,1661,2,598,1649,1661,2,6,1998,1998,442.0,1990
137000,5,1008,1,275,1008,1008,1,4,1954,1954,0.0,1950
271000,8,1689,3,857,1568,1689,2,7,2002,2002,148.0,2000
155000,6,1052,2,440,1010,1052,1,6,1971,1971,80.0,1970
224000,7,1358,2,484,1358,1358,2,6,2009,2010,128.0,2000
183000,7,1640,2,595,798,798,2,6,2003,2003,0.0,2000
93000,4,936,2,576,936,936,1,4,1953,1953,0.0,1950
225000,7,1733,2,433,847,847,2,7,2003,2003,0.0,2000
139500,6,1489,1,240,778,944,2,7,1940,1950,0.0,1940
232600,8,1489,2,776,1489,1489,2,7,2006,2006,0.0,2000
385000,10,2084,3,1220,2078,2084,2,7,2007,2008,816.0,2000
109500,5,784,0,0,784,784,1,5,1924,1950,0.0,1920
189000,7,1434,2,527,1454,1434,2,6,2001,2001,0.0,2000
185000,5,2126,2,538,1013,1160,2,7,1967,1967,0.0,1960
147400,7,1223,2,480,600,520,2,4,2005,2005,0.0,2000
166000,6,1392,2,458,1392,1392,1,6,1957,1957,387.0,1950
151000,7,1200,2,480,600,520,2,4,2005,2005,0.0,2000
237000,7,1829,2,613,941,941,2,7,2003,2003,223.0,2000
167000,6,1516,2,472,1516,1516,1,6,1964,1964,180.0,1960
139950,5,1144,2,456,1144,1144,1,6,1961,1961,136.0,1960
128000,4,1067,2,436,1067,1067,2,4,1950,1995,0.0,1950
153500,5,1559,2,812,1559,1559,1,5,1948,1973,0.0,1940
100000,6,987,1,264,483,483,1,5,1973,1973,158.0,1970
144000,5,1099,1,352,1099,1099,1,6,1995,2006,0.0,1990
130500,5,1200,1,240,768,768,1,6,1946,1995,0.0,1940
140000,6,1482,1,400,672,810,2,7,1925,1950,0.0,1920
157500,5,1539,2,686,650,958,2,8,1904,2002,0.0,1900
174900,6,1165,2,490,1127,1165,1,6,1966,1966,183.0,1960
141000,5,1800,0,0,1800,1800,2,10,1961,1961,0.0,1960
153900,5,1416,3,720,876,876,1,7,1915,1950,0.0,1910
171000,5,1701,2,611,1390,1701,2,6,1975,1981,0.0,1970
213000,7,1775,2,425,740,1006,2,7,1993,1993,137.0,1990
133500,5,864,1,338,864,864,1,5,1972,1972,0.0,1970
240000,6,2358,2,360,907,1307,3,10,1908,1997,0.0,1900
187000,6,1855,2,512,528,1094,2,7,1976,1994,360.0,1970
131500,6,848,2,420,848,848,1,3,2003,2003,170.0,2000
215000,8,1456,2,400,1273,1456,2,7,2003,2003,40.0,2000
164000,7,1646,1,240,918,918,2,7,1941,1950,0.0,1940
158000,6,1445,2,645,1127,1445,1,7,1964,1964,115.0,1960
170000,5,1779,2,454,1763,1779,1,6,1955,1974,0.0,1950
127000,5,1040,1,260,1040,1040,1,6,1962,2010,0.0,1960
147000,6,1026,2,576,940,1026,1,5,1978,1978,0.0,1970
174000,6,1481,2,343,702,702,2,6,1994,1995,0.0,1990
152000,7,1370,2,479,1090,1370,2,6,1976,1976,189.0,1970
250000,6,2654,2,619,1054,1512,2,9,1968,1984,220.0,1960
189950,7,1426,1,216,912,912,1,7,1918,1998,0.0,1910
131500,5,1039,2,504,1039,1039,1,6,1965,1965,0.0,1960
152000,6,1097,2,480,1040,1097,2,6,1984,1985,0.0,1980
132500,5,1148,1,672,1148,1148,1,6,1959,1959,0.0,1950
250580,7,1372,2,529,1372,1372,2,6,2007,2008,0.0,2000
148500,5,1002,2,902,1002,1002,1,5,1970,1970,76.0,1970
248900,8,1646,3,870,1638,1646,2,6,2006,2007,274.0,2000
129000,4,1120,2,544,1040,1120,1,5,1961,1961,0.0,1960
169000,5,2320,2,672,0,1547,2,7,1948,1950,0.0,1940
236000,7,1949,2,574,1050,1062,2,8,1993,1994,246.0,1990
109500,5,894,1,308,894,894,1,5,1962,1962,0.0,1960
200500,6,1682,2,523,804,804,2,7,1998,1998,116.0,1990
116000,5,910,2,414,105,910,1,5,1953,1996,0.0,1950
133000,5,1268,1,288,832,1036,1,6,1949,1950,0.0,1940
66500,5,1131,1,200,676,676,1,5,1941,1950,0.0,1940
303477,8,2610,2,550,1184,1184,2,11,2007,2007,0.0,2000
132250,4,1040,2,648,1064,1040,1,5,1963,1963,0.0,1960
350000,9,2224,3,738,1462,1462,2,10,2004,2005,216.0,2000
148000,5,1155,2,576,1109,1155,1,6,1961,1995,0.0,1960
136500,5,864,1,336,864,864,1,6,1978,2005,90.0,1970
157000,5,1090,2,450,1090,1090,1,5,2005,2006,0.0,2000
187500,7,1717,2,400,1156,1187,2,7,1990,1991,117.0,1990
178000,6,1593,2,389,808,808,2,7,1992,1993,0.0,1990
118500,4,2230,1,440,795,954,1,10,1912,1950,0.0,1910
100000,5,892,1,288,892,892,1,5,1967,1967,60.0,1960
328900,9,1709,2,506,1698,1709,2,5,1999,2000,60.0,1990
145000,5,1712,2,588,1626,1712,2,8,1959,2005,122.0,1950
135500,5,1393,1,300,816,872,1,8,1955,1955,0.0,1950
268000,8,2217,2,621,2217,2217,2,8,1970,1970,0.0,1970
149500,6,1505,2,505,1505,1505,1,6,1953,1953,90.0,1950
122900,5,924,2,576,672,672,1,6,1949,2006,0.0,1940
172500,6,1683,2,440,918,918,2,7,1978,1978,92.0,1970
154500,6,1068,1,264,1059,1068,1,6,1963,2003,0.0,1960
165000,5,1383,1,354,1383,1383,1,6,1954,1954,0.0,1950
118858,5,1535,2,400,0,1535,2,8,1979,1979,0.0,1970
140000,6,1796,2,483,780,983,1,8,1963,1963,415.0,1960
106500,4,951,1,327,951,951,1,6,1936,1950,0.0,1930
142953,5,2240,2,528,0,1120,2,12,1979,1979,0.0,1970
611657,9,2364,3,820,2330,2364,2,11,2009,2010,760.0,2000
135000,5,1236,1,288,912,1236,1,6,1961,1994,0.0,1960
110000,4,858,1,684,858,858,1,4,1971,1971,0.0,1970
153000,5,1306,1,756,992,1306,1,5,1957,2000,0.0,1950
180000,7,1509,2,393,783,807,2,8,2003,2003,0.0,2000
240000,7,1670,3,690,1670,1670,2,7,2006,2006,27.0,2000
125500,5,902,1,288,876,902,1,6,1967,1967,75.0,1960
128000,5,1063,1,280,1056,1063,1,6,1954,1954,110.0,1950
255000,8,1636,3,865,1623,1636,2,8,2006,2006,208.0,2000
250000,7,2057,1,180,1017,1020,1,6,1936,1987,0.0,1930
131000,5,902,2,484,864,902,1,5,1983,1983,0.0,1980
174000,6,1484,2,390,742,742,2,8,2005,2005,0.0,2000
154300,5,2274,2,480,1105,1105,2,12,1960,1960,361.0,1960
143500,5,1268,1,252,1268,1268,1,5,1977,1989,0.0,1970
88000,5,1015,1,450,768,1015,1,6,1925,1950,0.0,1920
145000,5,2002,3,871,1001,1001,2,8,1949,1950,0.0,1940
173733,6,1224,2,528,612,612,2,4,2009,2009,76.0,2000
75000,4,1092,1,286,546,546,1,6,1970,1970,80.0,1970
35311,2,480,1,308,480,480,0,4,1949,1950,0.0,1940
135000,4,1229,1,284,1134,1229,1,6,1956,1956,0.0,1950
238000,7,2127,3,833,1104,912,2,8,1991,1991,0.0,1990
176500,6,1414,2,601,1184,1414,1,6,1958,2002,0.0,1950
201000,6,1721,2,471,928,936,2,7,1994,1994,105.0,1990
145900,5,2200,0,0,1272,1272,2,9,1900,2003,0.0,1900
169990,6,1316,2,397,1316,1316,2,6,2005,2006,0.0,2000
193000,6,1617,2,533,1604,1617,2,5,1993,1994,0.0,1990
207500,6,1686,2,612,1686,1686,2,7,1980,1980,157.0,1980
175000,5,1126,2,540,1126,1126,2,6,1977,1977,0.0,1970
285000,8,2374,3,656,1181,1234,2,10,2003,2004,340.0,2000
176000,7,1978,2,486,832,1098,2,9,1968,1968,342.0,1960
236500,8,1788,2,522,1753,1788,2,7,2001,2001,0.0,2000
222000,7,2236,2,642,964,993,2,8,1997,1997,285.0,1990
201000,8,1466,3,610,1466,1466,2,7,2007,2007,0.0,2000
117500,5,925,1,429,925,925,1,5,1965,1965,0.0,1960
320000,9,1905,3,788,1905,1905,2,8,2006,2006,302.0,2000
190000,7,1500,2,570,1500,1500,2,6,2004,2004,210.0,2000
242000,7,2069,2,505,585,2069,2,9,1960,2007,0.0,1960
79900,4,747,2,528,600,747,1,5,1926,1953,108.0,1920
184900,7,1200,2,555,1176,1200,2,5,2003,2003,0.0,2000
253000,7,1971,2,689,1113,1113,2,8,2005,2005,0.0,2000
239799,7,1962,3,868,1391,1391,2,7,2006,2006,0.0,2000
244400,7,2403,1,349,1032,1207,2,10,1940,1950,0.0,1940
150900,6,1728,2,574,1728,1728,2,8,1976,1976,0.0,1970
214000,7,2060,2,390,992,1022,2,8,1999,1999,298.0,1990
150000,4,1440,0,0,1440,1440,2,8,1977,1977,0.0,1970
143000,5,1632,2,576,1632,1632,2,8,1967,1967,0.0,1960
137500,6,1344,2,525,819,1344,1,7,1958,1958,541.0,1950
124900,5,1869,2,456,1088,1188,1,7,1890,1996,0.0,1890
143000,5,1144,1,796,1144,1144,1,6,1959,1959,128.0,1950
270000,8,1629,3,808,1616,1629,2,9,2002,2003,236.0,2000
192500,7,1776,2,474,936,936,2,7,2002,2002,144.0,2000
197500,6,1381,2,676,1161,1381,1,5,1972,2006,0.0,1970
129000,5,864,2,720,864,864,1,5,1950,2002,0.0,1950
119900,5,965,1,300,828,965,1,6,1965,1965,0.0,1960
133900,5,768,1,396,768,768,1,5,1972,2003,0.0,1970
172000,5,1968,2,530,784,1168,2,7,1969,1969,232.0,1960
127500,6,980,0,0,945,980,2,4,1975,1975,250.0,1970
145000,6,1958,2,492,979,979,2,8,1946,1950,423.0,1940
124000,6,1229,2,462,561,561,1,5,1980,1980,0.0,1980
132000,5,1057,2,576,1057,1057,1,6,1962,1962,0.0,1960
185000,7,1337,2,531,1337,1337,2,6,2003,2003,0.0,2000
155000,7,1416,2,484,696,696,2,6,1999,1999,0.0,1990
116500,5,858,0,0,858,858,1,4,1958,2008,0.0,1950
272000,6,2872,2,619,1330,1542,2,11,1977,1995,424.0,1970
155000,6,1548,2,440,804,804,2,7,1976,1976,0.0,1970
239000,9,1800,2,702,1800,1800,2,7,2007,2007,0.0,2000
214900,7,1894,2,510,817,824,2,8,2002,2003,44.0,2000
178900,6,1484,2,393,783,783,2,8,2005,2007,0.0,2000
160000,5,1308,1,256,728,976,1,7,1940,1950,0.0,1940
135000,5,1098,1,260,1098,1098,1,6,1955,1955,151.0,1950
37900,3,968,0,0,600,600,1,6,1910,1950,0.0,1910
140000,6,1095,1,264,588,1095,1,6,1958,1958,105.0,1950
135000,4,1192,0,0,720,720,1,6,1949,1950,0.0,1940
173000,7,1626,2,474,764,764,2,6,2003,2004,106.0,2000
99500,6,918,1,264,918,918,2,5,1979,1979,0.0,1970
182000,7,1428,2,480,1428,1428,2,6,2007,2008,0.0,2000
167500,7,2019,2,532,728,1136,1,8,1910,1993,0.0,1910
165000,7,1382,2,490,673,673,2,6,2000,2000,0.0,2000
85500,4,869,0,0,440,869,1,4,1923,1958,0.0,1920
199900,7,1241,2,569,1241,1241,1,4,2006,2007,0.0,2000
110000,4,894,2,400,894,894,1,5,1954,1954,0.0,1950
139000,5,1121,2,480,1121,1121,1,5,1963,1963,0.0,1960
178400,7,999,2,588,944,999,1,6,1961,2007,210.0,1960
336000,8,2612,3,676,1225,1276,2,8,1998,1999,975.0,1990
159895,7,1266,2,388,1266,1266,2,6,2007,2007,16.0,2000
255900,8,2290,2,779,1128,1149,2,9,2002,2002,0.0,2000
126000,5,1734,2,539,0,1302,2,8,1977,1977,0.0,1970
125000,5,1164,1,240,1164,1164,1,5,1950,1950,0.0,1950
117000,6,1635,1,255,485,1001,1,5,1910,2003,0.0,1910
395192,9,1940,3,606,1930,1940,2,8,2009,2010,450.0,2000
195000,6,2030,2,551,848,1118,2,8,1976,1976,298.0,1970
197000,7,1576,2,614,770,778,2,6,2006,2006,0.0,2000
348000,8,2392,3,870,1396,1407,2,7,1997,1998,423.0,1990
168000,8,1742,2,424,916,916,1,8,1882,1986,0.0,1880
187000,6,1851,2,440,822,1020,2,7,1964,1993,340.0,1960
173900,6,1500,2,564,750,750,2,6,2005,2006,0.0,2000
337500,10,1718,3,786,1700,1718,2,7,2006,2007,230.0,2000
121600,4,1230,1,305,747,774,1,5,1946,1950,0.0,1940
136500,5,1050,1,368,1050,1050,1,6,1961,1961,0.0,1960
185000,6,1442,2,615,1442,1442,2,6,1970,1970,571.0,1970
91000,3,1077,1,210,1007,1077,1,6,1922,1950,0.0,1920
206000,7,1208,2,632,1187,1208,2,6,2006,2006,24.0,2000
82000,3,944,2,528,0,944,1,4,1952,1952,0.0,1950
86000,5,691,1,216,691,691,1,4,1920,1950,0.0,1920
232000,8,1574,3,824,1574,1574,2,7,2006,2006,53.0,2000
136905,5,1680,2,528,1680,1680,2,8,1976,1976,164.0,1970
181000,7,1504,2,457,1346,1504,2,7,2005,2006,16.0,2000
149900,5,985,1,328,985,985,2,6,1977,1977,220.0,1970
163500,6,1657,2,484,1657,1657,2,7,1970,1970,0.0,1970
88000,4,1092,1,286,546,546,1,6,1970,1970,0.0,1970
240000,7,1710,2,550,1710,1710,2,7,2004,2005,108.0,2000
102000,5,1522,0,0,1008,1008,2,7,1926,1950,0.0,1920
135000,5,1271,1,312,720,720,2,7,1948,1950,0.0,1940
100000,5,1664,0,0,0,1664,2,8,1965,1965,0.0,1960
165000,6,1502,1,180,602,900,1,7,1923,1996,0.0,1920
85000,5,1022,1,280,1022,1022,1,4,1910,2006,0.0,1910
119200,6,1082,1,240,1082,1082,1,5,1948,1950,206.0,1940
227000,8,1665,2,528,810,810,2,6,2001,2001,0.0,2000
203000,7,1504,2,478,1504,1504,2,6,1996,1996,196.0,1990
187500,8,1360,2,565,1220,1360,1,4,1984,1984,0.0,1980
160000,7,1472,2,402,384,802,2,7,1991,1992,76.0,1990
213490,7,1506,2,440,1362,1506,2,6,2005,2005,145.0,2000
176000,4,1132,2,451,1132,1132,1,5,2005,2005,0.0,2000
194000,7,1220,2,632,1199,1220,2,6,2006,2006,84.0,2000
87000,5,1248,1,160,912,912,1,6,1930,1950,0.0,1930
191000,7,1504,2,437,1346,1504,2,7,2005,2006,14.0,2000
287000,8,2898,2,665,1565,2898,2,10,1976,1976,0.0,1970
112500,5,882,2,461,882,882,1,5,1972,1972,0.0,1970
167500,5,1264,2,461,1268,1264,1,6,1960,1960,324.0,1960
293077,8,1646,3,800,1638,1646,2,7,2007,2008,338.0,2000
105000,5,1376,1,240,768,968,1,6,1941,1950,0.0,1940
118000,6,1218,1,264,672,672,1,7,1972,1972,281.0,1970
160000,5,1928,0,0,686,948,2,10,1916,1995,0.0,1910
197000,7,3082,2,672,824,1687,2,12,1920,1970,0.0,1920
310000,8,2520,3,796,1338,1352,2,10,1993,1993,0.0,1990
230000,7,1654,3,900,1654,1654,2,6,2002,2002,295.0,2000
119750,5,954,1,240,920,954,1,5,1938,1950,0.0,1930
84000,4,845,1,290,0,845,1,5,1957,1957,0.0,1950
315500,9,1620,3,912,1620,1620,2,6,2007,2008,70.0,2000
287000,8,2263,2,905,1055,1055,2,7,2001,2002,396.0,2000
97000,4,1344,0,0,546,798,1,6,1970,2008,0.0,1970
80000,4,630,1,286,630,630,1,3,1970,1970,0.0,1970
155000,5,1803,2,484,1134,1803,2,8,1957,2000,67.0,1950
173000,6,1632,2,484,800,800,1,7,1966,2000,252.0,1960
196000,6,1306,2,624,1306,1306,2,5,2005,2005,135.0,2000
262280,7,2329,2,514,1475,1532,2,10,1990,1990,99.0,1990
278000,8,2524,2,542,2524,2524,2,9,1981,1981,0.0,1980
139600,3,1733,2,452,0,1733,2,8,1955,1955,0.0,1950
556581,9,2868,3,716,1992,1992,3,11,2005,2006,208.0,2000
145000,5,990,2,672,990,990,1,5,1994,1995,0.0,1990
115000,5,1771,2,336,0,1771,1,9,1960,2006,75.0,1960
84900,4,930,1,308,0,930,1,6,1946,2006,0.0,1940
176485,7,1302,2,436,1302,1302,2,6,2007,2007,0.0,2000
200141,7,1316,2,440,1316,1316,2,6,2007,2007,0.0,2000
165000,6,1977,2,540,816,1127,1,9,1964,1978,272.0,1960
144500,5,1526,1,364,1216,1526,1,7,1957,2002,145.0,1950
255000,8,1989,2,586,1065,1091,2,7,2002,2002,210.0,2000
180000,6,1523,2,478,1193,1523,2,7,1976,1976,160.0,1970
185850,7,1364,2,484,1364,1364,2,6,2005,2005,240.0,2000
248000,7,1850,2,467,973,979,2,7,1994,1994,0.0,1990
335000,9,2184,3,836,1104,1130,2,10,2008,2008,154.0,2000
220000,6,1991,2,432,854,1096,1,7,1932,1950,480.0,1930
213500,8,1338,2,582,1338,1338,2,6,2001,2001,0.0,2000
81000,3,894,3,1248,894,894,1,6,1935,1950,0.0,1930
90000,5,2337,2,560,662,1422,2,10,1900,1950,0.0,1900
110500,6,1103,2,440,1103,1103,1,5,1925,1980,0.0,1920
154000,5,1154,2,480,1154,1154,1,6,1966,1966,200.0,1960
328000,7,2260,2,533,1306,1306,2,7,1996,1997,0.0,1990
178000,6,1571,2,380,799,799,2,7,1993,1994,0.0,1990
167900,6,1611,2,442,780,798,1,7,1964,1964,360.0,1960
151400,6,2521,2,576,942,1291,2,10,1973,1973,0.0,1970
135000,5,893,2,576,845,893,1,4,1949,2003,0.0,1940
135000,5,1048,1,286,1048,1048,1,6,1956,1956,120.0,1950
154000,6,1556,2,441,727,829,1,8,1968,1968,0.0,1960
91500,5,1456,1,280,810,1002,1,7,1948,1950,0.0,1940
159500,6,1426,2,440,690,698,1,6,1977,1977,140.0,1970
194000,7,1240,3,826,1240,1240,2,5,2006,2006,0.0,2000
219500,7,1740,1,240,800,960,1,6,1940,1984,0.0,1940
170000,5,1466,2,566,796,1096,2,7,1936,1989,0.0,1930
138800,5,1096,1,299,1096,1096,1,6,1969,1969,0.0,1960
155900,6,848,2,420,848,848,1,3,2004,2004,169.0,2000
126000,5,990,1,299,990,990,1,5,1994,1994,0.0,1990
145000,6,1258,2,528,1258,1258,2,5,1971,2004,144.0,1970
133000,5,1040,1,308,1040,1040,1,5,1963,1963,0.0,1960
192000,7,1459,2,527,1459,1459,2,6,2002,2002,100.0,2000
160000,6,1251,1,461,1251,1251,1,6,1964,1964,425.0,1960
187500,6,1498,2,409,691,691,2,6,1995,1996,0.0,1990
147000,6,996,2,564,936,996,1,5,1992,1992,0.0,1990
83500,4,1092,1,286,546,546,1,6,1973,1973,0.0,1970
252000,8,1953,3,1043,1082,1082,2,9,2005,2006,0.0,2000
137500,7,1709,2,380,970,970,2,7,2004,2004,50.0,2000
197000,8,1247,2,550,1247,1247,1,4,2005,2005,0.0,2000
92900,3,1040,2,400,0,1040,2,6,1950,1950,0.0,1950
160000,7,1252,2,462,600,624,2,4,1999,2000,212.0,1990
136500,6,1694,2,576,1181,1390,2,7,1925,1950,0.0,1920
146000,5,1200,2,884,864,1200,1,6,1965,1998,166.0,1960
129000,5,936,1,308,936,936,1,4,1956,2000,0.0,1950
176432,6,1314,2,440,1314,1314,2,6,2006,2006,0.0,2000
127000,6,1355,0,0,684,773,1,7,1914,2006,0.0,1910
170000,8,1088,2,461,1074,1088,1,5,1986,1986,0.0,1980
128000,4,1324,1,240,672,757,1,6,1936,1950,0.0,1930
157000,7,1601,2,478,1271,1601,2,7,1978,1978,206.0,1970
60000,2,438,1,246,290,438,1,3,1920,1950,0.0,1920
119500,5,950,1,280,950,950,1,5,1971,1971,0.0,1970
135000,5,1134,1,254,1010,1134,1,6,1960,2002,45.0,1960
159500,6,1194,2,539,655,1194,1,6,1959,1959,0.0,1950
106000,5,1302,2,440,630,630,2,6,1970,1970,304.0,1970
325000,8,2622,2,712,1463,1500,2,9,1994,1995,362.0,1990
179900,7,1442,2,719,910,1442,2,6,1990,1991,0.0,1990
274725,7,2021,2,422,868,887,2,9,2006,2006,0.0,2000
181000,6,1690,2,463,924,948,2,7,2000,2000,0.0,2000
280000,8,1836,3,862,1836,1836,2,7,2004,2005,42.0,2000
188000,6,1658,2,431,773,773,2,8,1995,1996,0.0,1990
205000,7,1964,2,483,803,1098,2,8,1976,1976,660.0,1970
129900,5,816,1,308,816,816,1,5,1957,1957,0.0,1950
134500,5,1008,1,240,1008,1008,1,6,1953,2006,0.0,1950
117000,5,833,1,326,833,833,1,4,1954,2000,0.0,1950
318000,8,1734,3,928,1734,1734,2,7,2007,2007,328.0,2000
184100,8,1419,2,527,408,779,2,7,2002,2002,0.0,2000
130000,5,894,2,450,894,894,1,5,1967,2003,0.0,1960
140000,5,1601,1,300,533,1021,1,6,1958,1987,0.0,1950
133700,5,1040,1,286,1040,1040,1,6,1959,1959,0.0,1950
118400,6,1012,1,308,1012,1012,1,6,1920,1950,0.0,1920
212900,7,1552,3,782,1552,1552,2,7,2005,2006,196.0,2000
112000,4,960,1,288,672,960,1,5,1956,1956,0.0,1950
118000,5,698,0,0,698,698,1,4,1947,2008,0.0,1940
163900,7,1482,2,392,384,812,2,7,1992,1992,170.0,1990
115000,4,1005,2,672,1005,1005,1,5,1955,1955,0.0,1950
174000,7,1555,3,660,1373,1555,2,7,2007,2007,130.0,2000
259000,7,1530,3,630,1530,1530,2,7,2004,2004,0.0,2000
215000,7,1959,2,434,847,847,2,8,2004,2005,0.0,2000
140000,5,936,2,672,936,936,1,4,1980,1980,180.0,1980
135000,4,1981,2,576,1122,1328,2,7,1928,1950,0.0,1920
93500,5,974,0,0,974,974,1,5,1991,1992,0.0,1990
117500,6,2210,1,205,1008,1178,2,8,1880,1950,0.0,1880
239500,8,2020,2,466,1128,1142,2,8,1995,1995,0.0,1990
169000,6,1600,2,460,916,916,2,7,1997,1997,0.0,1990
102000,6,986,1,180,960,986,1,5,1926,1950,0.0,1920
119000,6,1252,1,288,1032,1032,1,6,1950,1950,0.0,1950
94000,5,1020,0,0,780,780,1,6,1875,1996,0.0,1870
196000,6,1567,2,714,1567,1567,2,5,1977,1977,0.0,1970
144000,5,1167,2,495,915,1167,1,6,1920,1950,0.0,1920
139000,5,952,2,840,952,952,1,4,1951,1951,0.0,1950
197500,5,1868,2,484,780,1088,2,9,1976,1976,44.0,1970
424870,8,2828,3,1052,1466,1466,3,11,2006,2007,340.0,2000
80000,5,1006,0,0,1006,1006,1,5,1959,1959,0.0,1950
80000,4,924,1,280,672,672,1,5,1941,1950,0.0,1940
149000,5,1576,1,225,1042,1042,1,8,1928,1950,0.0,1920
180000,6,1298,2,403,1298,1298,2,5,1985,1985,85.0,1980
174500,7,1564,1,234,704,860,1,7,1941,1950,0.0,1940
116900,7,1111,1,288,572,572,1,5,1926,1950,0.0,1920
143000,7,1482,2,324,650,832,1,7,1920,1988,0.0,1920
124000,6,932,1,306,932,932,1,4,1950,1950,0.0,1950
149900,5,1466,2,528,1466,1466,1,6,1959,1959,132.0,1950
230000,6,1811,2,470,1073,1811,1,6,1956,2004,0.0,1950
120500,6,816,1,432,816,816,1,5,1930,2007,0.0,1930
201800,7,1820,2,492,864,902,1,8,1965,1988,288.0,1960
218000,5,1437,2,528,1437,1437,2,6,1976,2004,0.0,1970
179900,5,1265,2,502,1219,1265,2,6,1965,1999,0.0,1960
230000,7,1314,2,626,1314,1314,2,6,2007,2008,166.0,2000
235128,8,1580,3,830,1580,1580,2,7,2007,2008,186.0,2000
185000,6,1876,2,540,901,943,2,8,1974,1974,270.0,1970
146000,6,1456,2,440,855,855,2,7,1978,1978,0.0,1970
224000,6,1640,2,924,1296,1640,1,7,1954,2006,72.0,1950
129000,5,894,2,450,894,894,1,5,1968,1968,0.0,1960
108959,4,1258,2,400,1198,1258,0,6,1969,1969,0.0,1960
194000,5,1432,2,588,1360,1432,1,5,1978,1978,0.0,1970
233170,7,1502,2,644,1502,1502,2,7,2009,2009,268.0,2000
245350,8,1694,3,776,1694,1694,2,7,2008,2008,72.0,2000
173000,6,1671,2,472,959,959,2,7,2000,2000,0.0,2000
235000,6,2108,2,540,1127,1236,2,7,1935,1986,0.0,1930
625000,10,3627,3,807,1930,1831,3,10,1995,1996,1378.0,1990
171000,6,1118,1,358,1096,1118,1,6,1977,1977,0.0,1970
163000,6,1261,2,433,1261,1261,1,6,1958,1958,0.0,1950
171900,7,1250,2,625,625,625,2,5,2006,2007,0.0,2000
200500,5,3086,0,0,1598,1636,3,12,1946,1994,0.0,1940
239000,6,2345,2,360,952,1170,2,9,1932,1950,0.0,1930
285000,8,2872,2,541,1683,2129,2,9,1992,2000,337.0,1990
119500,5,923,1,264,876,923,1,5,1984,1985,0.0,1980
115000,6,1224,1,210,818,818,1,5,1926,2004,0.0,1920
154900,5,1343,1,186,731,820,1,7,1921,1950,0.0,1920
93000,5,1124,0,0,0,1124,1,5,1954,1954,0.0,1950
250000,7,2514,2,693,1216,1298,2,8,1990,1991,0.0,1990
392500,8,1652,2,482,1600,1652,2,5,2008,2008,186.0,2000
745000,10,4476,3,813,2396,2411,3,10,1996,1996,0.0,1990
120000,5,1130,2,720,1120,1130,1,5,1920,1950,0.0,1920
186700,5,1572,3,995,1572,1572,1,5,1963,1963,226.0,1960
104900,5,1221,1,392,784,949,1,7,1924,1950,0.0,1920
95000,3,1699,2,420,978,1014,2,7,1900,1970,0.0,1900
262000,8,1624,3,757,1624,1624,2,5,1994,1995,0.0,1990
195000,7,1660,2,493,831,831,2,7,2002,2002,95.0,2000
189000,7,1804,2,442,994,1028,2,7,1999,1999,0.0,1990
168000,4,1622,4,1356,1249,1622,1,7,1961,1975,149.0,1960
174000,8,1441,2,492,776,764,2,5,1999,2000,456.0,1990
125000,5,1472,1,250,702,842,1,6,1925,1994,0.0,1920
165000,6,1224,2,402,1224,1224,2,5,1999,1999,425.0,1990
158000,6,1352,1,299,663,663,1,7,1969,1969,143.0,1960
176000,6,1456,2,400,728,728,2,8,2005,2005,0.0,2000
219210,7,1863,3,660,879,879,2,9,2006,2006,0.0,2000
144000,7,1690,1,225,815,815,1,7,1916,1950,0.0,1910
178000,7,1212,2,573,1212,1212,2,6,2001,2001,0.0,2000
148000,4,1382,2,459,1051,1382,1,6,1963,1979,51.0,1960
116050,4,864,1,280,864,864,1,5,1970,1970,0.0,1970
197900,7,1779,2,546,866,866,2,6,1998,1998,0.0,1990
117000,5,1348,1,216,884,884,1,5,1925,1997,0.0,1920
213000,7,1630,2,451,1630,1630,2,6,2000,2001,171.0,2000
153500,5,1074,2,495,1056,1074,1,6,1975,1975,0.0,1970
271900,7,2196,3,701,2158,2196,2,7,1990,1991,234.0,1990
107000,4,1056,1,384,1056,1056,1,5,1966,1966,0.0,1960
200000,6,1700,2,544,1682,1700,2,7,2003,2003,120.0,2000
140000,5,1283,2,506,931,1283,1,6,1962,1980,0.0,1960
290000,8,1660,2,500,1660,1660,2,8,2006,2006,420.0,2000
189000,6,1845,2,462,1055,1055,2,8,1992,1992,0.0,1990
164000,8,1752,2,492,559,1080,2,8,1988,2005,0.0,1980
113000,4,672,1,234,672,672,1,4,1941,1950,0.0,1940
145000,4,960,1,364,648,960,0,3,1965,2001,0.0,1960
134500,5,999,1,300,925,999,1,6,1962,1962,0.0,1960
125000,5,894,1,384,894,894,1,5,1966,1966,0.0,1960
112000,6,1902,2,539,0,1318,2,8,1978,1978,0.0,1970
229456,8,1314,2,552,1300,1314,2,6,2009,2009,72.0,2000
80500,4,912,0,0,0,672,1,3,1947,1950,0.0,1940
91500,6,1218,0,0,672,672,1,7,1971,1971,236.0,1970
115000,5,912,1,288,912,912,1,5,1964,1964,0.0,1960
134000,5,1211,1,322,952,1211,1,5,1968,1968,0.0,1960
143000,6,1846,1,315,1040,1168,2,7,1949,1950,320.0,1940
137900,5,2136,2,528,2136,2136,2,7,1951,1951,44.0,1950
184000,7,1490,2,388,788,788,2,8,2004,2005,0.0,2000
145000,6,1138,1,264,588,1138,1,6,1958,1958,63.0,1950
214000,6,1933,3,668,894,894,2,9,2007,2007,74.0,2000
147000,5,912,2,576,912,912,1,5,1965,2008,300.0,1960
367294,9,1702,3,1052,1702,1702,1,7,2008,2008,766.0,2000
127000,5,1507,1,404,1075,1507,2,7,1960,1960,0.0,1960
190000,5,2620,2,600,1361,1361,2,12,1977,1977,1.0,1970
132500,5,1190,2,540,1106,1190,1,6,1962,1962,120.0,1960
101800,4,1224,2,462,0,1224,2,6,1962,1962,0.0,1960
142000,5,1188,2,531,1188,1188,1,6,1959,1959,180.0,1950
130000,5,1964,0,0,940,1024,1,7,1911,1950,0.0,1910
138887,5,1784,1,180,747,892,1,9,1914,1950,0.0,1910
175500,7,1626,2,474,764,764,2,6,2003,2003,106.0,2000
195000,7,1948,2,434,847,847,2,8,2004,2005,0.0,2000
142500,6,1141,2,484,1141,1141,1,6,2005,2005,0.0,2000
265900,8,1484,2,472,1476,1484,2,6,2006,2006,32.0,2000
224900,7,1768,2,543,884,884,2,8,2003,2003,252.0,2000
248328,7,1689,3,954,1689,1689,2,7,2007,2007,0.0,2000
170000,7,1173,2,528,1053,1173,2,6,1974,1974,81.0,1970
465000,10,2076,3,850,2076,2076,2,7,2006,2006,0.0,2000
230000,8,1517,2,400,792,792,1,7,1929,1950,0.0,1920
178000,6,1868,2,477,585,1140,3,7,1984,2003,74.0,1980
186500,7,1553,2,615,756,756,2,6,2005,2006,0.0,2000
169900,6,1034,3,888,1012,1034,1,6,1976,1976,335.0,1970
129500,6,2058,2,396,735,1134,1,8,1917,1950,0.0,1910
119000,5,988,1,276,876,988,1,6,1950,1950,0.0,1950
244000,7,2110,2,522,2110,2110,2,8,1968,1968,0.0,1960
171750,7,1405,2,478,1405,1405,2,6,2003,2003,163.0,2000
130000,5,874,1,288,864,874,1,5,1968,1968,0.0,1960
294000,7,2167,2,518,1192,1516,2,9,1974,2003,0.0,1970
165400,7,1656,2,397,746,760,2,7,2003,2004,92.0,2000
127500,6,1367,1,560,884,959,1,6,1931,1950,0.0,1930
301500,8,1987,2,691,1986,1987,2,7,1994,1994,554.0,1990
99900,5,864,0,0,864,864,1,4,1922,1950,0.0,1920
190000,7,1166,2,400,856,1166,2,5,2005,2005,182.0,2000
151000,6,1054,2,460,1054,1054,1,6,1969,1969,0.0,1960
181000,6,1675,2,502,841,892,2,7,1999,1999,0.0,1990
128900,5,1050,1,338,1050,1050,1,5,1956,1956,0.0,1950
161500,4,1788,1,304,1104,1104,1,8,1957,1989,0.0,1950
180500,6,1824,2,520,764,1060,1,8,1919,1950,0.0,1910
181000,6,1337,2,511,1405,1337,2,5,1998,1999,0.0,1990
183900,7,1452,2,506,691,713,2,6,1999,1999,218.0,1990
122000,7,1889,1,308,925,964,1,9,1910,1950,0.0,1910
378500,9,2018,3,746,2002,2018,2,10,2008,2009,0.0,2000
381000,8,3447,3,1014,728,1968,3,11,1935,1997,632.0,1930
144000,5,1524,1,315,874,874,1,7,1958,1958,180.0,1950
260000,7,1524,2,586,1332,1332,0,4,1979,1979,0.0,1970
185750,6,1489,2,462,1489,1489,2,7,1968,1968,0.0,1960
137000,5,935,1,288,935,935,1,5,1965,1965,114.0,1960
177000,6,1357,1,312,1019,1357,1,5,1959,2006,84.0,1950
139000,5,1250,2,552,661,661,2,8,1910,2003,0.0,1910
137000,5,1920,2,400,928,928,2,10,1948,1950,567.0,1940
162000,6,1395,2,497,723,735,1,6,1972,1972,0.0,1970
197900,6,1724,2,480,1680,1724,1,7,1967,1976,359.0,1960
237000,8,2031,2,577,1128,1128,2,7,2002,2002,0.0,2000
68400,4,1128,2,528,698,698,1,6,1920,1950,0.0,1920
227000,7,1573,2,544,1573,1573,2,6,2002,2002,110.0,2000
180000,7,1339,2,484,1309,1339,2,6,1990,1990,54.0,1990
150500,5,1040,2,484,1040,1040,2,5,1977,2008,0.0,1970
139000,6,1824,0,0,912,912,2,8,1971,1971,0.0,1970
169000,6,2447,1,336,804,1699,2,10,1919,1990,0.0,1910
132500,6,1412,1,280,780,825,1,6,1939,1950,0.0,1930
143000,6,1328,2,528,1328,1328,1,6,1963,1963,451.0,1960
190000,5,1582,2,390,1624,1582,2,7,1964,1964,621.0,1960
278000,8,1659,2,499,1501,1659,2,5,2000,2000,0.0,2000
281000,8,1970,3,753,1085,1120,2,8,2006,2006,788.0,2000
180500,5,1152,2,484,1152,1152,1,6,1964,1964,86.0,1960
119500,5,1302,1,264,630,630,2,6,1972,1972,268.0,1970
107500,5,2372,1,432,994,1378,2,11,1892,1965,0.0,1890
162900,7,1664,2,528,832,832,2,8,1976,1976,0.0,1970
115000,5,864,2,572,864,864,1,5,1955,1990,0.0,1950
138500,5,1052,1,288,1052,1052,1,5,1968,1968,168.0,1960
155000,5,1128,2,525,1120,1128,2,6,1963,1963,148.0,1960
140000,6,1072,2,525,547,1072,2,5,2005,2006,82.0,2000
160000,10,5642,2,1418,6110,4692,2,12,2008,2008,796.0,2000
154000,5,1246,1,305,1246,1246,1,6,1959,1994,0.0,1950
225000,7,1983,2,490,978,1005,2,9,1999,1999,344.0,1990
177500,6,1494,1,213,771,753,1,7,1942,1950,0.0,1940
290000,8,2526,3,844,1165,1203,2,8,1994,1994,391.0,1990
232000,7,1616,3,834,1616,1616,2,7,2005,2005,228.0,2000
130000,7,1708,2,380,976,976,2,7,2004,2004,117.0,2000
325000,9,1652,2,840,1652,1652,2,6,2006,2007,300.0,2000
202500,7,1368,2,474,1368,1368,2,6,2005,2006,94.0,2000
138000,5,990,2,480,990,990,1,5,1994,1995,0.0,1990
147000,5,1122,2,528,924,1122,1,6,1948,2005,0.0,1940
179200,6,1294,2,496,1278,1294,2,6,1991,1991,88.0,1990
335000,7,1902,2,567,1902,1902,2,7,1959,2002,0.0,1950
203000,7,1274,2,508,1274,1274,2,6,2005,2007,80.0,2000
302000,8,2810,2,750,1453,1453,2,9,1990,1990,336.0,1990
333168,9,2599,3,779,1393,1422,2,10,1999,1999,165.0,1990
119000,4,948,1,280,948,948,1,5,1954,1954,0.0,1950
206900,6,2112,2,576,952,1092,2,9,1969,1969,0.0,1960
295493,8,1630,3,860,1622,1630,2,8,2008,2008,270.0,2000
208900,7,1352,2,466,1352,1352,2,5,2006,2007,0.0,2000
275000,8,1787,3,748,1753,1787,2,7,2001,2002,178.0,2000
111000,4,948,1,248,864,948,1,5,1954,1954,132.0,1950
156500,6,1478,2,442,1478,1478,1,6,1957,1957,0.0,1950
72500,3,720,1,287,0,720,1,4,1949,1950,0.0,1940
190000,7,1923,2,564,750,1061,2,8,1992,1992,0.0,1990
82500,4,708,0,0,420,708,1,5,1940,1950,0.0,1940
147000,8,1795,3,895,1795,1795,2,7,2006,2007,428.0,2000
55000,4,796,0,0,796,796,1,5,1922,1950,0.0,1920
79000,3,774,0,0,544,774,1,6,1931,2006,0.0,1930
130500,5,816,1,264,816,816,1,5,1982,2008,0.0,1980
256000,6,2792,2,520,1510,1584,2,8,1920,1950,0.0,1920
176500,7,1632,2,462,935,955,2,8,1998,1998,0.0,1990
227000,8,1588,3,825,1588,1588,2,7,2006,2006,410.0,2000
132500,5,954,2,576,911,954,1,6,1976,1976,0.0,1970
100000,4,816,1,288,816,816,1,3,1938,1958,0.0,1930
125500,5,1360,1,297,803,803,1,6,1938,1995,0.0,1930
125000,5,1365,2,440,765,765,1,7,1970,1970,312.0,1970
167900,6,1334,2,630,1350,1334,2,6,1977,1977,360.0,1970
135000,5,1656,2,506,1656,1656,2,8,1973,1973,564.0,1970
52500,4,693,0,0,693,693,1,4,1941,1950,0.0,1940
200000,7,1861,2,492,916,920,2,8,2002,2002,0.0,2000
128500,5,864,1,288,864,864,1,5,1972,1972,0.0,1970
123000,4,872,4,480,858,872,1,5,1971,1971,0.0,1970
155000,6,1114,2,576,1114,1114,1,6,2003,2004,0.0,2000
228500,8,2169,2,647,1284,1284,2,7,2002,2002,149.0,2000
177000,6,1913,2,342,896,1172,1,9,1928,1950,0.0,1920
155835,7,1456,2,440,728,728,2,8,2006,2006,0.0,2000
108500,4,960,1,308,960,960,1,5,1920,1950,0.0,1920
262500,7,2156,2,508,1568,2156,2,9,1968,2003,0.0,1960
283463,8,1776,3,712,1732,1776,2,7,2006,2007,100.0,2000
215000,7,1494,2,514,1482,1494,2,5,1998,1998,0.0,1990
122000,8,2358,0,0,684,938,2,8,1872,1987,0.0,1870
200000,5,2634,4,968,1248,1338,2,12,1969,1969,368.0,1960
171000,6,1716,2,490,858,858,1,8,1962,1962,318.0,1960
134900,6,1176,2,624,698,786,1,4,1937,2000,0.0,1930
410000,8,3238,3,666,2033,2053,2,9,1995,1996,579.0,1990
235000,7,1865,3,839,992,992,2,7,2000,2000,0.0,2000
170000,7,1920,2,487,570,1222,3,8,1968,1992,143.0,1960
110000,5,892,1,264,864,892,1,5,1966,1966,65.0,1960
149900,5,1078,2,500,1078,1078,1,6,1971,2008,0.0,1970
177500,6,1573,2,440,756,769,2,5,2000,2000,216.0,2000
315000,9,1980,3,770,1980,1980,2,8,2004,2005,66.0,2000
189000,5,2601,2,621,612,990,3,8,1921,1998,0.0,1920
260000,7,1530,2,430,1530,1530,2,7,2005,2005,16.0,2000
104900,4,1738,1,368,715,1281,2,7,1920,2007,0.0,1920
156932,6,1412,2,432,616,616,2,6,2006,2007,0.0,2000
144152,7,1200,2,480,600,520,2,4,2005,2005,0.0,2000
216000,7,1674,2,663,814,814,2,7,2000,2000,0.0,2000
193000,7,1790,2,588,873,882,2,7,1999,1999,158.0,1990
127000,5,1475,1,336,757,925,2,6,1977,1977,0.0,1970
144000,6,848,2,420,848,848,1,4,2003,2004,170.0,2000
232000,8,1668,2,502,1657,1668,2,8,2003,2003,171.0,2000
105000,4,1374,1,338,840,840,1,6,1920,1950,0.0,1920
165500,6,1661,1,377,992,1661,1,8,1955,1996,0.0,1950
274300,7,2097,2,583,1108,1108,2,8,1998,1998,0.0,1990
466500,10,2633,3,804,2633,2633,2,8,2001,2002,705.0,2000
250000,7,1958,3,936,1026,1026,2,9,2005,2005,0.0,2000
239000,8,1571,3,722,1571,1571,2,7,2007,2007,80.0,2000
91000,6,790,1,160,768,790,1,4,1930,1950,0.0,1930
117000,5,1604,2,660,984,984,2,6,1941,1960,0.0,1940
83000,6,987,1,264,483,483,1,5,1973,1973,408.0,1970
167500,5,1394,2,400,384,754,2,7,2006,2007,0.0,2000
58500,3,864,1,200,864,864,1,5,1914,1950,0.0,1910
237500,6,2117,2,550,1205,2117,2,7,1970,1970,0.0,1970
157000,7,1762,2,576,596,998,1,8,1920,1950,0.0,1920
112000,5,1416,2,576,816,1416,2,7,1918,2007,0.0,1910
105000,6,1258,1,280,560,698,1,6,1939,1950,0.0,1930
125500,4,1154,1,240,796,796,1,7,1922,2007,0.0,1920
250000,7,2784,2,564,1392,1392,3,12,1978,1978,184.0,1970
136000,6,2526,1,216,714,1664,2,10,1916,1950,0.0,1910
377500,9,1746,3,758,1746,1746,2,7,2006,2007,160.0,2000
131000,6,1218,2,440,735,869,1,6,1941,1950,0.0,1940
235000,7,1525,2,541,1525,1525,2,6,2000,2000,244.0,2000
124000,5,1584,3,792,1584,1584,2,8,1967,1967,0.0,1960
123000,5,900,1,288,864,900,1,6,1967,1967,0.0,1960
163000,6,1912,2,672,482,1221,2,7,1905,2000,0.0,1900
246578,7,1500,3,648,1356,1500,2,6,2006,2006,45.0,2000
281213,8,2482,3,642,1094,1133,2,9,2005,2006,245.0,2000
160000,5,1687,2,572,747,1687,1,7,1948,1950,0.0,1940
137500,5,1513,1,180,939,939,1,8,1920,2004,0.0,1920
138000,5,1904,1,240,1208,1136,1,7,1950,1982,0.0,1950
137450,6,1608,1,216,976,1160,2,7,1925,1990,0.0,1920
120000,6,1158,1,208,862,950,1,5,1929,1950,0.0,1920
193000,6,1593,2,398,839,864,2,8,2004,2004,0.0,2000
193879,7,1294,2,662,1286,1294,2,6,2006,2006,0.0,2000
282922,8,1464,3,754,1485,1464,2,6,2007,2007,84.0,2000
105000,3,1214,3,936,672,694,1,6,1915,1950,0.0,1910
275000,8,1646,2,482,1594,1646,2,5,2004,2005,174.0,2000
133000,5,768,2,396,768,768,1,5,1972,2007,0.0,1970
112000,5,833,0,0,833,833,1,5,1985,1985,0.0,1980
125500,4,1363,2,528,622,741,1,6,1910,1950,0.0,1910
215000,7,2093,2,542,791,1236,2,7,1986,1991,123.0,1980
230000,7,1840,2,622,944,944,2,6,2001,2001,0.0,2000
140000,6,1668,1,271,856,1112,1,6,1950,2005,0.0,1950
90000,4,1040,2,420,0,1040,2,6,1949,1950,0.0,1940
257000,8,1844,2,620,1844,1844,2,7,2005,2006,366.0,2000
207000,6,1848,2,370,833,1053,1,8,1923,2000,0.0,1920
175900,7,1569,3,660,1386,1569,2,7,2007,2007,130.0,2000
122500,4,2290,2,560,777,1246,2,11,1885,1950,0.0,1880
340000,8,2450,3,1069,1284,1310,2,7,1998,1998,731.0,1990
124000,5,1144,1,336,1144,1144,1,6,1963,1963,0.0,1960
223000,6,1844,2,540,1844,1844,2,7,1969,1969,312.0,1960
179900,6,1416,2,776,708,708,2,7,1968,1968,420.0,1960
127500,6,1069,2,440,1069,1069,2,4,1977,1977,0.0,1970
136500,6,848,2,420,848,848,1,3,2003,2003,170.0,2000
274970,6,2201,2,432,697,1575,2,8,1966,1966,0.0,1960
144000,5,1344,1,484,1024,1344,1,6,1958,1983,0.0,1950
142000,6,1252,2,528,1252,1252,1,7,1959,1959,243.0,1950
271000,7,2127,2,525,1223,1223,2,5,1994,1994,448.0,1990
140000,5,1558,1,288,913,1048,1,6,1945,1950,0.0,1940
119000,5,804,1,240,788,804,1,4,1940,1992,294.0,1940
182900,6,1440,2,467,1440,1440,2,7,1981,1981,310.0,1980
192140,5,1838,2,372,732,734,2,7,2005,2005,0.0,2000
143750,6,958,2,440,958,958,2,5,1976,1976,0.0,1970
64500,4,968,1,216,656,968,2,5,1927,2007,0.0,1920
186500,6,1792,2,451,936,962,2,8,2000,2000,318.0,2000
160000,5,1126,2,484,1126,1126,2,5,1977,1977,0.0,1970
174000,6,1537,2,462,1319,1537,1,7,1962,2005,237.0,1960
120500,4,864,2,528,864,864,1,5,1971,1971,0.0,1970
394617,8,1932,3,774,1932,1932,2,7,2008,2008,426.0,2000
149700,6,1236,2,923,912,1236,1,6,1957,1996,0.0,1950
197000,7,1725,2,550,539,1040,2,6,1979,1979,96.0,1970
191000,6,2555,2,672,588,1423,2,11,1922,1994,0.0,1920
149300,6,848,2,420,848,848,1,3,2004,2004,147.0,2000
310000,10,2007,3,812,1017,1026,2,10,2008,2008,160.0,2000
121000,6,952,1,192,952,952,1,4,1916,1950,0.0,1910
179600,7,1422,2,626,1422,1422,2,7,2004,2004,106.0,2000
129000,6,913,1,240,814,913,1,6,1966,1966,0.0,1960
157900,5,1188,1,312,1188,1188,1,6,1962,1962,189.0,1960
240000,8,2090,2,556,1220,1220,2,8,1995,1996,438.0,1990
112000,4,1346,1,384,560,796,1,6,1910,2000,0.0,1910
92000,5,630,0,0,630,630,1,3,1970,1970,0.0,1970
136000,5,1792,0,0,896,896,2,8,1974,1974,0.0,1970
287090,8,1578,3,840,1573,1578,2,7,2008,2009,194.0,2000
145000,5,1072,2,525,547,1072,1,5,2005,2005,80.0,2000
84500,5,1140,0,0,1140,1140,1,6,2006,2006,0.0,2000
185000,7,1221,2,400,1221,1221,2,6,2004,2005,0.0,2000
175000,6,1647,2,460,953,953,2,7,1999,2000,0.0,1990
210000,6,2073,2,500,1542,2073,2,7,1978,1988,119.0,1970
266500,7,2340,1,252,1152,1188,2,9,1941,2006,0.0,1940
142125,5,1078,1,240,1078,1078,1,5,1950,1996,0.0,1950
147500,5,1256,1,276,1256,1256,1,6,1965,1965,0.0,1960
